state_name,total.tested,total.case,total.tested.today,total.positive.today,total.death.today,positive_race,positive_age,positive_gender,total.death,death_race,death_age,death_gender,comorbidities,total_hosp,hosp_race,hosp_age,hosp_gender,platform,comments,last.update
Alabama,NA,12631; eth_Unknown:2387; eth_Not Hispanic/Latino:9198; eth_Hispanic/Latino:1046,NA,NA,NA,ASIAN:73; BLACK:5051; OTHER:500; UNKNOWN:1715; WHITE:5292,5-24:1352; 65+:3088; 0-4:110; 50-64:3083; 25-49:4990; UNKNOWN:8,FEMALE:7309; MALE:5215; UNKNOWN/OTHER:107,509; eth_Unknown:59; eth_Not Hispanic/Latino:438; eth_Hispanic/Latino:12,ASIAN:3; BLACK:222; OTHER:6; UNKNOWN:18; WHITE:260,65+:412; 50-64:84; 25-49:13,FEMALE:228; MALE:280,"x (death, in pdf)",1480,NA,NA,NA,"arcgis, pdf",CLN_ICU:523; CLN_VENT:310; HCW:1739; LTCF_Employee:801; LTCF_Resident:1223; LTCF_Visitor:47,5/19/20
Alaska,36380,399; eth_Hispanic:38; eth_Non-Hispanic:341; eth_Unknown Ethnicity:20,769,0,0,AI/AN:30; ASIAN:46; BLACK:9; MULTI:15; NH/PI:14; OTHER:12; UNKNOWN:14; WHITE:259,0-10:9; 10-19:26; 20-29:69; 30-39:79; 40-49:57; 50-59:71; 60-69:55; 70-79:25; 80+:8; UNKNOWN:0,FEMALE:196; MALE:203; UNKNOWN/OTHER:0,10; eth_Hispanic:0; eth_Non-Hispanic:10; eth_Unknown Ethnicity:0,AI/AN:2; ASIAN:2; BLACK:0; MULTI:0; NH/PI:1; OTHER:0; UNKNOWN:0; WHITE:5,0-10:0; 10-19:0; 20-29:0; 30-39:2; 40-49:0; 50-59:1; 60-69:1; 70-79:5; 80+:1; UNKNOWN:0,FEMALE:5; MALE:5; UNKNOWN/OTHER:0,NA,43; eth_Hispanic:4; eth_Non-Hispanic:37; eth_Unknown Ethnicity:2,AI/AN:6; ASIAN:7; BLACK:0; MULTI:0; WHITE:23; NA:7,0-10:0; 10-19:0; 20-29:3; 30-39:5; 40-49:2; 50-59:8; 60-69:9; 70-79:13; 80+:3; UNKNOWN:0,FEMALE:17; MALE:26; UNKNOWN/OTHER:0,arcgis + raw data,expr_Community_Cases:113; expr_Secondary_Cases:172; expr_Travel_Cases:102; expr_UI_Cases:12; All_Beds:2280; Inpatient_Beds:1840; Inpatient_Occup:907; Inpatient_Avail:933; ICU_Beds:195; ICU_Occup:95; ICU_Avail:100; Pos_COVID_PUI_Pending:9; Vent_Cap:346; Vent_Avail:298; Vent_Occup:48,5/18/20
Arizona,220612,14566,NA,NA,NA,AI/AN:1721; ASIAN:157; BLACK:464; MULTI:0; OTHER:299; UNKNOWN:6066; WHITE:3162,0-19:1179; 20-44:5663; 45-54:2447; 55-64:2177; 65+:3091; UNKNOWN:9,FEMALE:7656; MALE:6880; UNKNOWN/OTHER:0,704,AI/AN:119; ASIAN:8; BLACK:23; MULTI:0; OTHER:11; UNKNOWN:139; WHITE:292,0-19:1; 20-44:28; 45-54:36; 55-64:79; 65+:560; UNKNOWN:0,FEMALE:321; MALE:382; UNKNOWN/OTHER:0,NA,NA,AI/AN:182; ASIAN:35; BLACK:91; MULTI:0; WHITE:692; NA:282,0-19:16; 20-44:333; 45-54:271; 55-64:336; 65+:790; UNKNOWN:0,FEMALE:824; MALE:922; UNKNOWN/OTHER:0,manual,NA,5/19/20
Arkansas,105807,4923,NA,NA,NA,AI:13; ASIAN:55; BLACK:1796; HISPANIC:278; MULTI:35; OTHER:187; PI:92; UNKNOWN:268; WHITE:2367,0-17:193; 18-24:416; 25-44:1899; 45-64:1565; 65+:740,FEMALE:0.38; MALE:0.612,102,NA,NA,NA,NA,535,NA,NA,NA,pdf,curr_hosp:6; recovered:5; active_cases:2; curr_vent:3; ever_vent:1; nursing_home_res:4,5/18/20
California,NA,81795,NA,NA,NA,AI/AN:111; ASIAN:6003; BLACK:3334; HISPANIC:30391; MULTI:504; NH/PI:542; OTHER:2984; PENDING:24966; WHITE:12960,0-17:3446; 18-49:20939; 50-64:20382; 65+:20003,NA,3250,AI/AN:14; ASIAN:475; BLACK:323; HISPANIC:1187; MULTI:21; NH/PI:27; OTHER:35; PENDING:72; WHITE:1096,0-17:0; 18-49:32; 50-64:158; 65+:483,NA,NA,NA,NA,NA,NA,pdf,NA,5/18/20
Colorado,NA,20304,NA,NA,NA,HISPANIC:0.3554; NH AI/AN:0.0044; NH ASIAN:0.0278; NH BLACK:0.0613; NH MULTI:0.0073; NH NH/PI:0.004; NH WHITE:0.3584; OTHER:0.0093; UNKNOWN:0.172,0-9:456; 10-19:925; 20-29:3447; 30-39:3860; 40-49:3895; 50-59:3686; 60-69:2670; 70-79:1690; 80+:1798; UNKNOWN:55,FEMALE:0.5059; MALE:0.4846; UNKNOWN/OTHER:0.0096,1001,HISPANIC:0.1901; NH AI/AN:0.0056; NH ASIAN:0.0398; NH BLACK:0.0684; NH MULTI:0.008; NH NH/PI:0.0032; NH WHITE:0.6468; OTHER:0.0056; UNKNOWN:0.0326,10-19:2; 20-29:7; 30-39:7; 40-49:31; 50-59:66; 60-69:167; 70-79:290; 80+:687,FEMALE:0.4368; MALE:0.5593; UNKNOWN/OTHER:0.004,NA,NA,NA,0-9:33; 10-19:31; 20-29:172; 30-39:327; 40-49:488; 50-59:701; 60-69:702; 70-79:520; 80+:341,NA,tableau,NA,5/19/20
Connecticut,185520,38430,7841,314,23,HISPANIC:6669; NH AI/AN:38; NH ASIAN/PI:561; NH BLACK:4788; NH MULTI:66; NH OTHER:193; NH WHITE:12185; UNKNOWN:13930,0-9:386; 10-19:897; 20-29:4264; 30-39:5340; 40-49:5475; 50-59:6739; 60-69:5686; 70-79:3772; 80+:5748,FEMALE:21019; MALE:17231,3472,HISPANIC:294; NH AI/AN:1; NH ASIAN/PI:35; NH BLACK:512; NH MULTI:13; NH OTHER:15; NH WHITE:2520; UNKNOWN:82,0-9:1; 10-19:1; 20-29:4; 30-39:20; 40-49:51; 50-59:143; 60-69:433; 70-79:749; 80+:2068,FEMALE:1752; MALE:1714,NA,NA,NA,NA,NA,NA,curr_hosp:914,5/18/20
Delaware,44132; race_Non-Hispanic White:17722; race_Non-Hispanic Black:9938; race_Hispanic/Latino:5032; race_Another/Multiple:2600; race_Asian/Pacific Islander:653; race_Unknown**:8187,8037,NA,NA,NA,ASIAN/PI:117; HISPANIC:2221; MULTI:421; NH BLACK:2168; NH WHITE:2260; UNKNOWN:850,0-4:94; 5-17:368; 18-34:2085; 35-49:2102; 50-64:1895; 65+:1493,FEMALE:4407; MALE:3602; UNKNOWN/OTHER:28,304,ASIAN/PI:1; HISPANIC:22; MULTI:3; NH BLACK:73; NH WHITE:185; UNKNOWN:20,0-4:0; 5-17:0; 18-34:8; 35-49:8; 50-64:46; 65+:242,FEMALE:158; MALE:146,NA,NA,NA,NA,NA,NA,Current Hospitalizations:1; Recovered:2,5/19/20
Florida,717162,45684,NA,NA,NA,AI/AN:0; ASIAN:0; BLACK:9384; MULTI:0; OTHER:4152; UNKNOWN:6986; WHITE:25162,0-4:305; 5-14:656; 15-24:3628; 25-34:6875; 35-44:6874; 45-54:7958; 55-64:7596; 65-74:5485; 75-84:3746; 85+:2555; UNKNOWN:6,FEMALE:23239; MALE:22445; UNKNOWN/OTHER:0,2052,AI/AN:0; ASIAN:0; BLACK:447; MULTI:0; OTHER:127; UNKNOWN:80; WHITE:1398,0-4:0; 5-14:0; 15-24:0; 25-34:13; 35-44:33; 45-54:77; 55-64:190; 65-74:449; 75-84:617; 85+:673; UNKNOWN:0,NA,NA,NA,AI/AN:0; ASIAN:0; BLACK:2256; MULTI:0; WHITE:5146; NA:1092,0-4:19; 5-14:17; 15-24:128; 25-34:416; 35-44:693; 45-54:1072; 55-64:1494; 65-74:1792; 75-84:1663; 85+:1200; UNKNOWN:0,NA,pdf,,5/19/20
Georgia,NA,38855; eth_HISPANIC/LATINO:4241; eth_NON-HISPANIC/LATINO:20116; eth_UNKNOWN:14498,NA,NA,NA,AI/AN:48; ASIAN:567; BLACK:13493; NH/PI:25; OTHER:2337; UNKNOWN:10403; WHITE:11982,NA,NA,1675; eth_HISPANIC/LATINO:62; eth_NON-HISPANIC/LATINO:1572; eth_UNKNOWN:41,AI/AN:4; ASIAN:28; BLACK:822; NH/PI:2; OTHER:22; UNKNOWN:27; WHITE:770,.:1; 22:2; 25:1; 26:2; 27:1; 28:1; 29:3; 30:2; 31:4; 32:2; 33:6; 34:6; 35:1; 36:3; 37:2; 38:2; 39:1; 40:2; 42:3; 43:4; 44:7; 45:8; 46:7; 47:3; 48:13; 49:13; 50:9; 51:6; 52:6; 53:16; 54:15; 55:12; 56:19; 57:14; 58:22; 59:19; 60:20; 61:27; 62:30; 63:41; 64:27; 65:42; 66:39; 67:35; 68:45; 69:30; 70:44; 71:46; 72:28; 73:55; 74:47; 75:53; 76:42; 77:44; 78:52; 79:52; 80:35; 81:50; 82:47; 83:53; 84:53; 85:58; 86:29; 87:41; 88:30; 89:41; 90+:201,FEMALE:789; MALE:886,No:75; Unknown:533; Yes:1067,7076,NA,NA,NA,webpage,NA,5/19/20
Illinois,621684; age_Unknown:43665; age_<20:36073; age_20-29:81061; age_30-39:95235; age_40-49:93387; age_50-59:99054; age_60-69:82635; age_70-79:49675; age_80+:40899; gender_Male:247072; gender_Female:311820; gender_Unknown/Left Blank:62792; race_White:146277; race_Black:56495; race_Left Blank:328276; race_Other:23756; race_Asian:9974; race_Hispanic:55891; race_NH/PI*:571; race_AI/AN**:444,98030,18443,1545,145,AI/AN:169; ASIAN:2946; BLACK:17168; HISPANIC:29493; NH/PI:255; OTHER:3742; UNKNOWN:24337; WHITE:19920,0-20:5493; 20-29:14908; 30-39:16116; 40-49:17820; 50-59:17607; 60-69:12248; 70-79:6862; 80+:6910; UNKNOWN:66,FEMALE:49307; MALE:46618; UNKNOWN/OTHER:2105,4379,AI/AN:7; ASIAN:207; BLACK:1373; HISPANIC:784; NH/PI:3; OTHER:34; UNKNOWN:102; WHITE:1869,0-20:3; 20-29:18; 30-39:66; 40-49:146; 50-59:372; 60-69:765; 70-79:1069; 80+:1940; UNKNOWN:0,FEMALE:1941; MALE:2433; UNKNOWN/OTHER:5,NA,NA,NA,NA,NA,webpage,NA,5/19/20
Indiana,189330,28705; eth_Hispanic or Latino:3129; eth_Not Hispanic or Latino:10225; eth_Unknown:15351,152,471,15,ASIAN:423; BLACK:4142; OTHER:4949; UNKNOWN:5828; WHITE:13363,0-19:1069; 20-29:3915; 30-39:4566; 40-49:4887; 50-59:4944; 60-69:3795; 70-79:2455; 80+:3047; UNKNOWN:27,FEMALE:14754; MALE:13235; UNKNOWN/OTHER:716,1678; eth_Hispanic or Latino:27; eth_Not Hispanic or Latino:931; eth_Unknown:720,ASIAN:7; BLACK:256; OTHER:196; UNKNOWN:119; WHITE:1100,0-19:2; 20-29:3; 30-39:12; 40-49:33; 50-59:96; 60-69:274; 70-79:413; 80+:845; UNKNOWN:0,FEMALE:786; MALE:854; UNKNOWN/OTHER:38,NA,NA,NA,NA,NA,interactive,beds_all_occupied_beds_covid_19:1268; beds_icu_total:2614; beds_icu_occupied_beds_covid_19:421; bed_occupied_icu_non_covid:1112; beds_available_icu_beds_total:1081; vents_total:3077; vents_all_in_use_covid_19:206; vents_non_covid_pts_on_vents:399; vents_all_available_vents_not_in_use:2472,5/18/20
Iowa,109275,15447,NA,NA,NA,AI/AN:0; ASIAN:0; BLACK:0; MULTI:0; OTHER:0; PI:0; UNKNOWN:0; WHITE:0,0-17:0; 18-40:0; 41-60:0; 61-80:0; 80+:0,FEMALE:0; MALE:0; UNKNOWN/OTHER:0,380,AI/AN:0; ASIAN:0; BLACK:0; MULTI:0; OTHER:0; PI:0; UNKNOWN:0; WHITE:0,0-17:0; 18-40:0; 41-60:0; 61-80:0; 80+:0,FEMALE:0; MALE:0; UNKNOWN/OTHER:0,NA,NA,NA,NA,NA,manual,NA,5/19/20
Kansas,NA,8340,NA,NA,NA,AI/AN:27; ASIAN:486; BLACK:863; OTHER:191; UNKNOWN:1825; WHITE:4948,0-9:172; 10-17:259; 18-24:999; 25-34:1586; 35-44:1506; 45-54:1585; 55-64:1211; 65-74:518; 75-84:269; 85+:221; UNKNOWN:14,FEMALE:3482; MALE:4651; UNKNOWN/OTHER:207,173,AI/AN:1; ASIAN:1; BLACK:55; OTHER:1; UNKNOWN:3; WHITE:112,0-9:0; 10-17:0; 18-24:0; 25-34:0; 35-44:7; 45-54:4; 55-64:25; 65-74:30; 75-84:39; 85+:68; UNKNOWN:0,FEMALE:83; MALE:90; UNKNOWN/OTHER:0,NA,740,AI/AN:5; ASIAN:25; BLACK:161; WHITE:476; NA:73,0-9:5; 10-17:0; 18-24:13; 25-34:32; 35-44:109; 45-54:81; 55-64:162; 65-74:144; 75-84:105; 85+:89; UNKNOWN:0,NA,manual,NA,5/19/20
Kentucky,153800,8069; eth_Hispanic:13.96%; eth_Non-Hispanic:86.04%,NA,NA,NA,AI/AN:7e-04; ASIAN:0.0587; BLACK:0.1479; MULTI:0.0526; NH:9e-04; WHITE:0.7392,0-9:108; 10-19:273; 20-29:1088; 30-39:1258; 40-49:1292; 50-59:1206; 60-69:969; 70-79:644; 80+:657; UNKNOWN:574,FEMALE:3956; MALE:3853; UNKNOWN/OTHER:260,366,NA,0-9:0; 10-19:0; 20-29:0; 30-39:2; 40-49:5; 50-59:23; 60-69:58; 70-79:87; 80+:191; UNKNOWN:0,FEMALE:208; MALE:158; UNKNOWN/OTHER:0,NA,1527,NA,0-9:16; 10-19:43; 20-29:179; 30-39:200; 40-49:220; 50-59:285; 60-69:221; 70-79:160; 80+:162; UNKNOWN:41,FEMALE:869; MALE:655; UNKNOWN/OTHER:3,arcgis,icu_0-9:0; icu_10-19:1; icu_20-29:7; icu_30-39:15; icu_40-49:16; icu_50-59:44; icu_60-69:56; icu_70-79:62; icu_80+:23; icu_Unconfi:0; icu_F:103; icu_M:120; icu_U:1; recovered:2826; total_icu:224,5/15/20
Louisiana,278073,35038,NA,329,NA,NA,0-18:618; 18-29:4352; 30-39:5588; 40-49:5858; 50-59:6538; 60-69:5649; 70+:6435,FEMALE:0.55; MALE:0.4; UNKNOWN/OTHER:0.05,2458; eth_Hispanic/Latino:1.84%; eth_Non-Hispanic/Latino:83.60%; eth_Unknown:14.60%,AI/AN:2; ASIAN:20; BLACK:1350; NH/PI:5; OTHER:19; UNKNOWN:4; WHITE:1040,0-18:2; 18-29:9; 30-39:43; 40-49:93; 50-59:214; 60-69:448; 70+:1649,FEMALE:0.456; MALE:0.544; UNKNOWN/OTHER:0,x (deaths); Asthma:4.15%; Cancer:7.57%; Cardiac Disease:20.92%; Chronic Kidney Disease:20.10%; Congestive Heart Failure:12.90%; Diabetes:36.65%; Hypertension:59.39%; Neurological:8.43%; Pulmonary:11.71%,NA,NA,NA,NA,arcgis + tableau + downloadable csv,HospVent_In Use:456; HospVent_Still Available:1626; Bed_In Use:8832; Bed_Still Available:5864; ICU_In Use:1237; ICU_Still Available:845,5/19/20
Maine,NA,1741,NA,NA,NA,AI/AN:2; ASIAN/PI:22; BLACK:140; MULTI:3; OTHER:37; UNKNOWN:331; WHITE:980,0-20:63; 20-29:210; 30-39:222; 40-49:266; 50-59:332; 60-69:269; 70-79:192; 80+:187,FEMALE:908; MALE:833; UNKNOWN/OTHER:0,73,NA,NA,NA,NA,225,NA,NA,NA,tableau and interactive webpage,eth_Hispanic:44; eth_Not Hispanic:973; eth_Not Disclosed:498; curr_Total Hospitalized:44; curr_In Critical Care:19; curr_On a Ventilator:11; Available Critical Care Beds:185; Total Critical Care Beds:395; Available Ventilators:253; Total Ventilators:314; Alternative Ventilators:439; recovered:1,5/19/20
Maryland,208658,41546,NA,NA,NA,HISPANIC:9525; NH ASIAN:787; NH BLACK:12454; NH OTHER:2007; NH WHITE:8365; UNKNOWN:8408,0-9:837; 10-19:1602; 20-29:5520; 30-39:7617; 40-49:7495; 50-59:6964; 60-69:5050; 70-79:3351; 80+:3110,FEMALE:21686; MALE:19860,1963,HISPANIC:160; NH ASIAN:69; NH BLACK:815; NH OTHER:24; NH WHITE:817; UNKNOWN:78,10-19:1; 20-29:10; 30-39:24; 40-49:53; 50-59:131; 60-69:306; 70-79:478; 80+:884; UNKNOWN:76,FEMALE:967; MALE:996,NA,7199,NA,NA,NA,arcgis + webpage,Number of probable deaths :118; Currently hospitalized :1421; Acute care :884; Intensive care :537; Released from isolation :2868,5/19/20
Massachusetts,469199,87052,8373,1042,65,HISPANIC:14758; NH ASIAN:1588; NH BLACK:7522; NH OTHER:3667; NH WHITE:22022; UNKNOWN:37495,0-19:3554; 20-29:11185; 30-39:12898; 40-49:12536; 50-59:14021; 60-69:11544; 70-79:8072; 80+:12977; UNKNOWN:265,FEMALE:47429; MALE:38246; UNKNOWN/OTHER:1377,5862; Hosp_Yes:3294; Hosp_No:677; Hosp_Unknown:1891; Preexist_Yes:2643; Preexist_No:44; Preexist_Unknown:3175,HISPANIC:355; NH ASIAN:95; NH BLACK:299; NH OTHER:187; NH WHITE:2356; UNKNOWN:2570,0-19:0; 20-29:7; 30-39:18; 40-49:51; 50-59:211; 60-69:578; 70-79:1325; 80+:3672; UNKNOWN:0,FEMALE:3019; MALE:2830,NA,8560,NH ASIAN:236; NH BLACK:827; NH WHITE:3194; NA:4364,0-19:61; 20-29:199; 30-39:398; 40-49:631; 50-59:1170; 60-69:1609; 70-79:1865; 80+:2687; UNKNOWN:1,NA,pdf,Cases.in.Residents.Healthcare.Workers.of.LTCFs:18257; facilities:343; Deaths.Reported.in.LTCFs:3574; Total.number.of.COVID.patients.in.hospital.today:2533; Net.new.hospitalizations:-64; X5.day.average.of.net.new.hospitalizations:-113.6; ICU:674,5/18/20
Michigan,438565,52350; eth1_Hispanic/Latino:6%; eth1_Non-Hispanic Latino:62%; eth1_Unknown:32%; eth2_Arab:2%; eth2_Non-Arab:35%; eth2_Unknown:63%,NA,18,NA,AI/AN:0.01; ASIAN/PI:0.02; BLACK:0.31; MULTI:0.08; OTHER:0.05; UNKNOWN:0.18; WHITE:0.36,0-19:0.03; 20-29:0.11; 30-39:0.14; 40-49:0.16; 50-59:0.18; 60-69:0.16; 70-79:0.11; 80+:0.11; UNKNOWN:0.01,FEMALE:0.53; MALE:0.47; UNKNOWN/OTHER:0.01,5017; eth1_Hispanic/Latino:2%; eth1_Non-Hispanic Latino:81%; eth1_Unknown:17%; eth2_Arab:1%; eth2_Non-Arab:37%; eth2_Unknown:62%,AI/AN:0.01; ASIAN/PI:0.01; BLACK:0.4; MULTI:0.02; OTHER:0.02; UNKNOWN:0.04; WHITE:0.5,0-19:0.01; 20-29:0.01; 30-39:0.01; 40-49:0.03; 50-59:0.08; 60-69:0.18; 70-79:0.27; 80+:0.42; UNKNOWN:0,FEMALE:0.47; MALE:0.53; UNKNOWN/OTHER:0.01,NA,?,NA,NA,NA,webpage,recovered:28234; # of ED Discharges:580; # In Critical Care:492; # on Ventilators:332; # of Inpatients:1066; ICU:467,5/19/20
Minnesota,NA,17029; eth_Hisp:2631; eth_NonHis:8949; eth_Unknown:5449,NA,NA,NA,AI:117; ASIAN:689; BLACK:3709; MULTI:295; OTHER:1702; PI:21; UNKNOWN:4783; WHITE:5713,0-5:242; 6-19:1009; 20-29:3010; 30-39:3402; 40-49:2679; 50-59:2569; 60-69:1639; 70+:2471; UNKNOWN:8,FEMALE:8440; MALE:8240; UNKNOWN/OTHER:343,748; eth_Hisp:16; eth_Unknown:232; eth_NonHi:500,ASIAN:16; BLACK:41; OTHER:2; PI:0; UNKNOWN:197; WHITE:478; NA:14,NA,NA,NA,1471,NA,NA,NA,arcgis,ExpsrCrzSh:628; ExpsrIntrn:3739; ExpsrLklyE:930; ExpsrAnthr:2730; ExpsrInMN:2854; ExpsrMsng:6148; ResPriv:9761; ResLTCF:2155; ResLngTrm:0; ResAssLvg:0; ResHmlShel:63; ResJail:151; ResCollDrm:300; ResOther:18; ResMsng:4544; ResWorkDor:1; ResPrvPrct:53; ResLTCFPrct:13; ResRBHPrct:2; ResHmLsPrct:0; ResJailPrct:1; ResWDrmPrct:0; ResOthPrct:0; ResUnknPrct:30; released_from_iso:11540; healthcare_worker:1949,5/18/20
Mississippi,NA,11704,NA,NA,NA,AI/AN:129; ASIAN:39; BLACK:5804; MULTI:0; OTHER:114; UNKNOWN:499; WHITE:3187,0-17:598; 18-29:1949; 30-39:1821; 40-49:1982; 50-59:1864; 60-69:1542; 70-79:965; 80-89:676; 90+:295; UNKNOWN:NA,FEMALE:5909; MALE:4002; UNKNOWN/OTHER:0,554,AI/AN:17; ASIAN:0; BLACK:285; MULTI:0; OTHER:5; UNKNOWN:2; WHITE:245,0-17:0; 18-29:1; 30-39:10; 40-49:19; 50-59:40; 60-69:120; 70-79:155; 80-89:129; 90+:80; UNKNOWN:NA,FEMALE:281; MALE:271; UNKNOWN/OTHER:0,NA,NA,NA,0-17:18; 18-29:69; 30-39:110; 40-49:212; 50-59:286; 60-69:437; 70-79:374; 80-89:231; 90+:103; UNKNOWN:NA,NA,pdf,,5/19/20
Missouri,158296,11080,NA,NA,NA,NA,0-20:384; 20-24:658; 25-29:786; 30-34:759; 35-39:739; 40-44:785; 45-49:897; 50-54:944; 55-59:1017; 60-64:968; 65-69:748; 70-74:613; 75-79:490; 80+:1284; UNKNOWN:8,FEMALE:5981; MALE:5031; UNKNOWN/OTHER:68,616,NA,0-20:0; 80+:289; 20-29:1; 30-39:3; 40-49:13; 50-59:44; 60-69:108; 70-79:158,NA,NA,NA,NA,NA,NA,webpage + arcgis,NA,5/19/20
Montana,NA,471; eth_Hispanic/Latino:12; eth_Not Hispanic/Latino:440,NA,NA,NA,AI/AN/NH/PI:29; ASIAN:1; BLACK:2; OTHER:5; PENDING:5; WHITE:429,0-9:3; 10-19:17; 20-29:92; 30-39:77; 40-49:67; 50-59:86; 60-69:74; 70-79:37; 80+:18,FEMALE:244; MALE:227,16,NA,NA,NA,NA,65,NA,NA,NA,arcgis + webpage,curr_Hospitalized:5; curr_Recovering:13; curr_Recovered and released from isolation:437,5/19/20
Nebraska,72333,10846,2186,221,NA,NA,NA,NA,128,NA,NA,NA,NA,602,NA,NA,NA,NA,beds_avail:3894; beds_avail_percent:48; icu_beds_avail:734; icu_beds_avail_percent:41; vent_equip_avail:787; vent_equip_avail_percent:76,5/19/20
New Hampshire,NA,3160,NA,NA,NA,AI/AN:0; ASIAN:70; BLACK:131; MULTI:0; OTHER:206; UNKNOWN:0; WHITE:1685,0-9:29; 10-19:126; 20-29:448; 30-39:430; 40-49:433; 50-59:583; 60-69:447; 70-79:266; 80+:396; UNKNOWN:NA,FEMALE:1742; MALE:1407; UNKNOWN/OTHER:0,1231,AI/AN:0; ASIAN:0; BLACK:0; MULTI:0; OTHER:3; UNKNOWN:0; WHITE:73,0-9:0; 10-19:0; 20-29:2; 30-39:0; 40-49:5; 50-59:0; 60-69:10; 70-79:32; 80+:84; UNKNOWN:NA,FEMALE:61; MALE:71; UNKNOWN/OTHER:0,NA,318,AI/AN:0; ASIAN:10; BLACK:13; MULTI:0; WHITE:220; NA:8,0-9:2; 10-19:4; 20-29:10; 30-39:11; 40-49:28; 50-59:50; 60-69:92; 70-79:74; 80+:47; UNKNOWN:NA,FEMALE:127; MALE:191; UNKNOWN/OTHER:0,pdf,,5/19/20
New Jersey,NA,149013,NA,NA,NA,AI/AN:0; ASIAN:3925; BLACK:13871; MULTI:0; OTHER:8779; UNKNOWN:0; WHITE:28389,0-4:653; 5-17:2687; 18-29:18435; 30-49:47669; 50-64:43036; 65-79:21670; 80+:14575; UNKNOWN:NA,FEMALE:74322; MALE:74019; UNKNOWN/OTHER:672,10586,NA,NA,NA,NA,15416,NA,NA,NA,pdf,,5/19/20
New Mexico,142246,6192,NA,NA,NA,AI/AN:0.5847; ASIAN:0.0074; BLACK:0.0276; HISPANIC:0.2204; UNKNOWN:0.0288; WHITE:0.1257,0-9:0.0414; 10-19:0.0865; 20-29:0.1554; 30-39:0.1645; 40-49:0.1553; 50-59:0.1512; 60-69:0.1223; 70-79:0.057; 80-89:0.0451; 90+:0.0215,FEMALE:0.5358; MALE:0.4642,276,NA,NA,NA,NA,886,NA,NA,NA,public dashboard,recovered:1; curr_hosp:2,5/19/20
North Carolina,265008,19700,NA,NA,NA,AI/AN:147; ASIAN:404; BLACK:4738; MULTI:0; OTHER:1443; UNKNOWN:0; WHITE:7859,0-17:915; 18-24:1715; 25-49:8439; 50-64:4754; 65-75:1788; 75+:2084,NA,691,AI/AN:1; ASIAN:7; BLACK:232; MULTI:0; OTHER:26; UNKNOWN:0; WHITE:388,NA,NA,NA,585,NA,NA,NA,pdf,,5/19/20
North Dakota,57731,1994,NA,63,NA,NA,0-9:100; 10-19:126; 20-29:400; 30-39:463; 40-49:305; 50-59:229; 60-69:159; 70-79:76; 80+:136,FEMALE:1032; MALE:962,45,NA,0-9:0; 10-19:0; 20-29:0; 30-39:0; 40-49:3; 50-59:2; 60-69:1; 70-79:10; 80+:29,NA,NA,135,NA,0-9:1; 10-19:1; 20-29:4; 30-39:21; 40-49:15; 50-59:29; 60-69:27; 70-79:19; 80+:18,NA,datawrapper,recovered:3; curr_hosp:8; active_cases:14; risk_Close Contact:15; risk_Community:17; risk_Confirmed Travel:5; risk_Household:10; risk_Possible Travel:13; risk_Under Investigation:1; recovered_0-9:12; recovered_10-19:16; recovered_20-29:7; recovered_30-39:9; recovered_40-49:6; recovered_50-59:4; recovered_60-69:2; recovered_70-79:11; recovered_80+:11,5/19/20
Ohio,NA,28952,NA,1,0,NA,0-19:1091; 20-29:3828; 30-39:4648; 40-49:4605; 50-59:4901; 60-69:4033; 70-79:2622; 80+:3201; UNKNOWN:23,FEMALE:13345; MALE:15417; UNKNOWN/OTHER:190,1720,NA,0-19:0; 20-29:5; 30-39:12; 40-49:25; 50-59:96; 60-69:245; 70-79:434; 80+:902; UNKNOWN:1,FEMALE:810; MALE:909; UNKNOWN/OTHER:1,NA,5117,NA,0-19:49; 20-29:169; 30-39:307; 40-49:496; 50-59:944; 60-69:1188; 70-79:1003; 80+:960; UNKNOWN:1,FEMALE:2382; MALE:2726; UNKNOWN/OTHER:9,tableau,today_hosp:1,5/19/20
Oklahoma,NA,5489,NA,NA,NA,AI/AN:341; ASIAN:141; BLACK:476; MULTI:0; OTHER:216; UNKNOWN:703; WHITE:3612,0-4:63; 5-17:185; 18-35:1359; 36-49:1224; 50-64:1242; 65+:1412; UNKNOWN:NA,NA,294,AI/AN:21; ASIAN:2; BLACK:24; MULTI:0; OTHER:7; UNKNOWN:14; WHITE:226,0-4:0; 5-17:0; 18-35:4; 36-49:6; 50-64:50; 65+:234; UNKNOWN:NA,FEMALE:141; MALE:153; UNKNOWN/OTHER:0,NA,NA,NA,NA,NA,pdf,,5/19/20
Oregon,99630,3726,NA,NA,NA,NA,0-9:41; 10-19:134; 20-29:551; 30-39:633; 40-49:636; 50-59:654; 60-69:510; 70-79:329; 80+:228; UNKNOWN:10,FEMALE:1963; MALE:1759; UNKNOWN/OTHER:4,140,NA,0-9:0; 10-19:0; 20-29:0; 30-39:0; 40-49:3; 50-59:5; 60-69:28; 70-79:40; 80+:64; UNKNOWN:0,FEMALE:59; MALE:81; UNKNOWN/OTHER:0,NA,714,NA,0-9:5; 10-19:2; 20-29:29; 30-39:45; 40-49:85; 50-59:120; 60-69:169; 70-79:145; 80+:110; UNKNOWN:4,NA,webpage,avail_Adult ICU beds:250; avail_Adult non-ICU beds:1939; avail_Pediatric NICU/PICU beds:84; avail_Pediatric non-ICU beds:145; avail_Ventilators:794; total_Adult ICU beds:800; total_Adult non-ICU beds:6776; total_Pediatric NICU/PICU beds:302; total_Pediatric non-ICU beds:346; curr_Current hospitalized patients:137; curr_Current patients in ICU beds:43; curr_Current patients on ventilators:13,5/19/20
Pennsylvania,349700,63666,NA,NA,NA,ASIAN:812; BLACK:7522; OTHER:342; UNKNOWN:38603; WHITE:16387,0-4:0.01; 5-12:0.01; 13-18:0.01; 19-24:0.06; 25-49:0.37; 50-64:0.26; 65+:0.29,FEMALE:34914; MALE:28068; UNKNOWN/OTHER:684,4624; eth_Hispanic:1; eth_Not Hispanic:2,ASIAN:118; BLACK:904; MULTI:208; WHITE:3263,0-4:NA; 5-9:NA; 10-14:NA; 15-19:NA; 20-24:NA; 25-29:NA; 30-34:7; 35-39:5; 40-44:21; 45-49:45; 50-54:83; 55-59:146; 60-64:251; 65-69:354; 70-74:444; 75-79:512; 80-84:638; 85-89:800; 90-94:768; 95-99:341; 100-104:64,FEMALE:2296; MALE:2197,Cardio Hypertension:974; Neuro Dementia:965; Metabolic Diabetes:611; Respiratory COPD:376; Cardio Coronary Artery Disease:337; Kidney Chronic:321; Cardio Congestive Heart Failure:319; Cancer:195; Neuro Parkinson’s:118; Kidney End-Stage Renal:100; Metabolic Obesity:93; Respiratory Sleep Apnea:39; Respiratory Asthma:34; Liver Cirrhosis:22; Immuno Organ Transplant:11; Immuno HIV:9; Liver Chronic:5,1853,NA,50-64:0.1; 0-29:0.02; 30-49:0.05; 65-79:0.2; 80+:0.19,NA,webpage,AvailableBedsAdultICU:1200; AvailableBedsMedSurg:5440; AvailableBedsPICU:68; OtherBedsAIIRs:1507; COVID19onVents:379; COVID19ECMO:16; TotalVents:5377; VentsInUse:1292; pod_Other:4; pod_Hospice:76; pod_Hospital:2341; pod_Long-Term Living:1951; pod_Residence:121,5/19/20
Rhode Island,117246,12951,1840,134,26,HISPANIC:2325; NH BLACK:701; NH MULTI:24; NH OTHER:209; NH WHITE:2031; PENDING:2862; UNKNOWN:1447,0-9:178; 10-19:418; 20-29:1314; 30-39:1486; 40-49:1481; 50-59:1642; 60-69:1168; 70-79:761; 80-89:634; 90-99:396; 100+:27; PENDING:94,FEMALE:5201; MALE:4243; PENDING:155,532,HISPANIC:38; NH BLACK:17; NH MULTI:0; NH OTHER:7; NH WHITE:234; PENDING:45; UNKNOWN:0,0-9:0; 10-19:0; 20-29:NA; 30-39:5; 40-49:6; 50-59:19; 60-69:35; 70-79:83; 80-89:108; 90-99:79; 100+:5; PENDING:0,FEMALE:172; MALE:169; PENDING:0,NA,1464,NH BLACK:92; NH MULTI:0; NH WHITE:330; NA:666,0-9:NA; 10-19:NA; 20-29:33; 30-39:80; 40-49:128; 50-59:206; 60-69:242; 70-79:198; 80-89:138; 90-99:57; 100+:0; PENDING:0,FEMALE:475; MALE:607; PENDING:7,google doc,discharge-from-hosp:1023; curr_hosp:247; curr_ICU:59; curr_ICUvent:44,5/19/20
South Carolina,135063,9056,NA,NA,NA,ASIAN:0; BLACK:0; OTHER:0; UNKNOWN:0; WHITE:0,0-10:0; 11-20:0; 21-30:0; 31-40:0; 41-50:0; 51-60:0; 61-70:0; 71-80:0; 81+:0; UNKNOWN:NA,FEMALE:0; MALE:0; UNKNOWN/OTHER:0,NA,ASIAN:0; BLACK:0; OTHER:0; UNKNOWN:0; WHITE:0,0-10:0; 11-20:0; 21-30:0; 31-40:0; 41-50:0; 51-60:0; 61-70:0; 71-80:0; 81+:0; UNKNOWN:NA,FEMALE:0; MALE:0; UNKNOWN/OTHER:0,NA,1444,NA,NA,NA,pdf,,5/19/20
Tennessee,346123,18378,NA,NA,NA,AI/AN:0; ASIAN:368; BLACK:3810; MULTI:0; OTHER:1650; UNKNOWN:5292; WHITE:7258,0-10:501; 11-20:1279; 21-30:3651; 31-40:3572; 41-50:3191; 51-60:2745; 61-70:1658; 71-80:793; 81+:495; UNKNOWN:493,FEMALE:7597; MALE:9873; UNKNOWN/OTHER:908,305,AI/AN:0; ASIAN:7; BLACK:102; MULTI:0; OTHER:10; UNKNOWN:7; WHITE:179,0-10:1; 11-20:1; 21-30:1; 31-40:3; 41-50:14; 51-60:28; 61-70:63; 71-80:89; 81+:105; UNKNOWN:0,FEMALE:135; MALE:170; UNKNOWN/OTHER:0,NA,NA,NA,NA,NA,pdf,NA,5/19/20
Texas,744937,49912,21924,1219,22,ASIAN:491; BLACK:2181; HISPANIC:5686; OTHER:96; PENDING:35604; UNKNOWN:1893; WHITE:3961,0-1:37; 1-9:168; 10-19:432; 20-29:2227; 30-39:2601; 40-49:2674; 50-59:2619; 60-64:1105; 65-69:794; 70-74:533; 75-79:354; 80+:640; UNKNOWN:124; PENDING:35604,FEMALE:6591; MALE:7437; PENDING:35604; UNKNOWN/OTHER:280,1369,ASIAN:6; BLACK:67; HISPANIC:120; OTHER:2; PENDING:880; UNKNOWN:114; WHITE:180,0-1:0; 1-9:0; 10-19:2; 20-29:10; 30-39:9; 40-49:21; 50-59:54; 60-64:45; 65-69:59; 70-74:45; 75-79:45; 80+:196; UNKNOWN:3; PENDING:880,FEMALE:190; MALE:268; PENDING:880; UNKNOWN/OTHER:31,NA,NA,NA,NA,NA,arcgis + downloadable cs,recovered:29359; Lab Confirmed COVID-19 Patients Currently in Texas Hospitals:1732; Total Texas Staffed Hospital Beds:53851; Available Texas Hospital Beds:18084; Available Texas ICU Beds:1947; Available Texas Ventilators:6126,5/19/20
Utah,177311,7518; com_Any Condition:1879; com_Other:579; com_Former Smoker:573; com_Chronic Pulmonary:493; com_Diabetes:418; com_Cardiovascular:320; com_Current Smoker:234; com_Immunocompromised:193; com_Neurologic:189; com_Chronic Kidney:104; com_Chronic Liver:49,1611,137,NA,AI/AN:277; ASIAN:182; BLACK:238; HISPANIC:2860; NH WHITE:2936; NH/PI:260; OTHER:821; UNKNOWN:711,0-1:34; 1-14:393; 15-24:1270; 25-44:2942; 45-64:2150; 65-84:636; 85+:89; UNKNOWN:4,FEMALE:3566; MALE:3941,88,NA,NA,FEMALE:0.466; MALE:0.534,Any Condition:336; Diabetes:145; Other:133; Cardiovascular:107; Chronic Pulmonary:81; Former Smoker:79; Chronic Kidney:53; Immunocompromised:51; Neurologic:47; Current Smoker:19; Chronic Liver:14,619,AI/AN:34; ASIAN:12; BLACK:21; NH WHITE:281; NA:327,0-1:0; 1-14:3; 15-24:28; 25-44:152; 45-64:255; 65-84:158; 85+:23; UNKNOWN:0,NA,NA,cum_active_cases:3155; cum_estimate_recovered:4275; icu_Yes:199; icu_No:6876; icu_Under Investigation:443; vent_Yes:87; vent_No:6675; vent_Under Investigation:756; exp_Healthcare:149; exp_In-state Without Known Contact:1191; exp_Known Contact:4733; exp_Travel:218; exp_Unknown / Under Investigation:1227; contact_Household:2825; contact_Other:28; contact_Social:1154; contact_Unspecified:497; contact_Workplace:229,5/19/20
Vermont,24591,944; eth_Hispanic:25; eth_Not Hispanic:813; eth_Unknown:106,NA,4,0,AI/AN:1; ASIAN:11; BLACK:27; OTHER:12; UNKNOWN:33; WHITE:860,0-9:1; 10-19:27; 20-29:133; 30-39:140; 40-49:132; 50-59:189; 60-69:142; 70-79:95; 80+:85,FEMALE:495; MALE:445; UNKNOWN/OTHER:4,54; eth_Hispanic:0; eth_Not Hispanic:53; eth_Unknown:1,AI/AN:0; ASIAN:2; BLACK:0; OTHER:3; UNKNOWN:0; WHITE:49,0-9:0; 10-19:0; 20-29:0; 30-39:1; 40-49:2; 50-59:1; 60-69:10; 70-79:17; 80+:23,FEMALE:24; MALE:30; UNKNOWN/OTHER:0,NA,NA,NA,NA,NA,arcgis,daily_deaths:0; daily_recovered:3; total_recovered:820; people_monitored:29; completed_monitoring:861; current_hospitalizations:3; hosp_pui:21,5/18/20
Virginia,NA,32145; eth_Hispanic or Latino:9770; eth_Not Hispanic or Latino:11531; eth_Not Reported:10844,NA,1005,27,BLACK:4976; OTHER:6811; UNKNOWN:9873; WHITE:10485,0-9:727; 10-19:1451; 20-29:4728; 30-39:5814; 40-49:5944; 50-59:5384; 60-69:3720; 70-79:1977; 80+:2235; UNKNOWN:165,FEMALE:16059; MALE:15880; UNKNOWN/OTHER:206,1041; eth_Hispanic or Latino:84; eth_Not Hispanic or Latino:738; eth_Not Reported:219,BLACK:217; OTHER:124; UNKNOWN:135; WHITE:565,0-9:0; 10-19:0; 20-29:2; 30-39:7; 40-49:22; 50-59:54; 60-69:162; 70-79:249; 80+:544; UNKNOWN:1,FEMALE:503; MALE:535; UNKNOWN/OTHER:3,NA,3904; eth_Hispanic or Latino:1203; eth_Not Hispanic or Latino:2244; eth_Not Reported:457,BLACK:943; WHITE:1546; NA:1415,0-9:24; 10-19:30; 20-29:164; 30-39:332; 40-49:508; 50-59:704; 60-69:779; 70-79:679; 80+:682; UNKNOWN:2,FEMALE:1773; MALE:2122; UNKNOWN/OTHER:9,tableau,total_hosp_today:82,5/19/20
Washington,293120,18811,NA,NA,NA,HISPANIC:4595; NH AI/AN:169; NH ASIAN:1018; NH BLACK:878; NH MULTI:234; NH NH/PI:261; NH OTHER:246; NH WHITE:5490; UNKNOWN:5920,0-19:0.05; 20-39:0.31; 40-59:0.34; 60-79:0.21; 80+:0.09; UNKNOWN:0,FEMALE:0.52; MALE:0.46; UNKNOWN/OTHER:0.02,NA,HISPANIC:85; NH AI/AN:7; NH ASIAN:86; NH BLACK:29; NH MULTI:13; NH NH/PI:7; NH OTHER:19; NH WHITE:653; UNKNOWN:132,0-19:0; 20-39:0.01; 40-59:0.09; 60-79:0.38; 80+:0.52; UNKNOWN:0,FEMALE:0.45; MALE:0.55; UNKNOWN/OTHER:0,NA,NA,NA,NA,NA,power BI + webpage,Hospitals Reporting:3; Total Patients Hospitalized with COVID‑19:1; Total Patients in the ICU with COVID‑19:4,5/19/20
Wisconsin,161122,12885; eth_Hispanic or Latino:4028; eth_Not Hispanic or Latino:7457; eth_Unknown:1400,NA,NA,NA,AI:148; ASIAN/PI:488; BLACK:2587; MULTI/OTHERS:1415; UNKNOWN:1319; WHITE:6928,0-10:234; 10-19:653; 20-29:2147; 30-39:2261; 40-49:2210; 50-59:2102; 60-69:1564; 70-79:872; 80-89:567; 90+:275,FEMALE:0.51; MALE:0.49; UNKNOWN/OTHER:0,467; eth_Hispanic or Latino:40; eth_Not Hispanic or Latino:420; eth_Unknown:7,AI:6; ASIAN/PI:11; BLACK:132; UNKNOWN:6; WHITE:309; NA:3,0-10:0; 10-19:0; 20-29:4; 30-39:5; 40-49:12; 50-59:40; 60-69:77; 70-79:129; 80-89:114; 90+:86,FEMALE:0.42; MALE:0.58; UNKNOWN/OTHER:0,NA,2110,NA,0-10:10; 10-19:21; 20-29:93; 30-39:148; 40-49:249; 50-59:363; 60-69:466; 70-79:402; 80-89:267; 90+:91,NA,NA,icuage_<10:0; icuage_10-19:1; icuage_20-29:16; icuage_30-39:23; icuage_40-49:60; icuage_50-59:94; icuage_60-69:139; icuage_70-79:101; icuage_80-89:51; icuage_90+:18,5/19/20