"X.1","state_name","total.tested","total.case","total.tested.today","total.positive.today","total.death.today","positive_race","positive_age","positive_gender","total.death","death_race","death_age","death_gender","comorbidities","total_hosp","hosp_race","hosp_age","hosp_gender","platform","comments","last.update"
17,"Alabama","392800","37175; eth_Hispanic/Latino:3712; eth_Not Hispanic/Latino:22709; eth_Unknown:10261",NA,NA,NA,"ASIAN:  161; BLACK:13740; OTHER: 2127; UNKNOWN: 7926; WHITE:12728","25-49:15123; 5-24:6536; 65+:6510; 0-4:617; 50-64:7624; UNKNOWN:272","FEMALE:20674; MALE:15728; UNKNOWN:280","929; eth_Hispanic/Latino:24; eth_Not Hispanic/Latino:790; eth_Unknown:91","ASIAN:  4; BLACK:417; OTHER: 13; UNKNOWN: 27; WHITE:444","25-49:38; 5-24:2; 65+:708; 0-4:2; 50-64:155","FEMALE:439; MALE:463",NA,"2725",NA,NA,NA,"arcgis, pdf","CLN_ICU:801; CLN_VENT:457; HCW:3517; LTCF_Employee:1550; LTCF_Resident:2413","06/29/20"
29,"Alaska","108709","904; eth_Hispanic:57; eth_Non-Hispanic:657; eth_Unknown Ethnicity:190",NA,NA,NA,"AI/AN:102; ASIAN: 60; BLACK: 23; HN/PI: 25; MULTI: 32; OTHER: 17; UNKNOWN:152; WHITE:493","0-9:33; 10-19:73; 20-29:178; 30-39:175; 40-49:139; 50-59:145; 60-69:93; 70-79:51; 80+:17; UNKNOWN:0","FEMALE:444; MALE:460; UNKNOWN:0","14; eth_Hispanic:1; eth_Non-Hispanic:2; eth_Unknown Ethnicity:1","AI/AN:0.143; ASIAN:0.143; BLACK:0.000; HN/PI:0.071; MULTI:0.000; OTHER:0.000; UNKNOWN:0.000; WHITE:0.643","0-9:0; 10-19:0; 20-29:0; 30-39:0.143; 40-49:0; 50-59:0.071; 60-69:0.143; 70-79:0.5; 80+:0.143; UNKNOWN:0","FEMALE:0.5; MALE:0.5; UNKNOWN:0",NA,"67; eth_Hispanic:2; eth_Non-Hispanic:3; eth_Unknown Ethnicity:1","AI/AN:0.134; ASIAN:0.119; BLACK:0.000; HN/PI:0.075; MULTI:0.000; OTHER:0.060; UNKNOWN:0.015; WHITE:0.597","0-9:0; 10-19:0.015; 20-29:0.075; 30-39:0.09; 40-49:0.06; 50-59:0.164; 60-69:0.179; 70-79:0.313; 80+:0.104; UNKNOWN:0","FEMALE:0.403; MALE:0.597; UNKNOWN:0","arcgis + raw data","All_Beds:2413; Inpatient_Beds:1885; Inpatient_Occup:1019; Inpatient_Avail:866; ICU_Beds:198; ICU_Occup:92; ICU_Avail:106; Pos_COVID_PUI_Pending:16; Vent_Cap:347; Vent_Avail:319; Vent_Occup:28","06/28/20"
NA,"Arizona","511009","74533",NA,NA,NA,"AI/AN: 6135; ASIAN:  551; BLACK: 1694; HISPANIC:18291; MULTI:    0; OTHER: 1430; UNKNOWN:34450; WHITE:11982","0-19:8358; 20-44:36594; 45-54:11452; 55-64:8871; 65+:9108; UNKNOWN:150","FEMALE:38695; MALE:35662","1588","AI/AN:283; ASIAN: 17; BLACK: 46; HISPANIC:339; MULTI:  0; OTHER: 33; UNKNOWN:178; WHITE:692","0-19:6; 20-44:84; 45-54:106; 55-64:211; 65+:1181; UNKNOWN:NA","FEMALE:713; MALE:874",NA,"4634","AI/AN: 688; ASIAN:  77; BLACK: 230; HISPANIC:1636; MULTI:   0; OTHER:  84; UNKNOWN: 265; WHITE:1654","0-19:62; 20-44:1041; 45-54:747; 55-64:908; 65+:1876; UNKNOWN:0","FEMALE:2268; MALE:2364","manual",NA,"06/29/20"
21,"Arkansas","302536","20257; eth_hispanic:4939; eth_nonhispanic:15318",NA,NA,NA,"AI/AN:  51; ASIAN: 232; BLACK:4531; HN/PI:1389; OTHER:1909; UNKNOWN:2846; WHITE:9299","0-17:2534; 18-24:2575; 25-44:7530; 45-64:5485; 65+:2133","FEMALE:8919; MALE:10953; UNKNOWN:385","265; eth_hispanic:20; eth_nonhispanic:245","AI/AN:  0; ASIAN:  3; BLACK: 67; HN/PI: 24; OTHER: 19; UNKNOWN: 13; WHITE:139","0-17:0; 18-24:0; 25-44:15; 45-64:61; 65+:189",NA,"case_diabetes:1448; case_cardiac_disease:525; case_hypertension:2311; case_cpd:415; case_ckd:173; case_immunocompromised:148","1380",NA,NA,NA,"pdf","curr_hosp:300; recovered:14066; active_cases:5926; curr_vent:63; ever_vent:211; nursingHomeRes:647; death_nursingHome:97; death_jailed:12; healthcareWorker:1207","06/29/20"
2,"California","4061692","216550",NA,NA,NA,"AI/AN:  278; ASIAN: 9880; BLACK: 6445; HISPANIC:82378; HN/PI:  913; MULTI: 1034; OTHER:20690; WHITE:24775","0-17:17157; 18-34:68070; 35-49:54763; 50-64:45434; 65-79:20245; 80+:10648","FEMALE:106610; MALE:108973; UNKNOWN:967","5850","AI/AN:  22; ASIAN: 843; BLACK: 544; HISPANIC:2380; HN/PI:  21; MULTI:  27; OTHER:  57; WHITE:1857","0-17:0; 18-34:62; 35-49:288; 50-64:964; 65-79:1866; 80+:2669","FEMALE:2554; MALE:3289; UNKNOWN:7",NA,NA,NA,NA,NA,"pdf",NA,"06/28/20"
14,"Colorado","310883","32022",NA,NA,NA,"HISPANIC:0.3795; NH AI/AN:0.0054; NH ASIAN:0.0248; NH BLACK:0.0544; NH HN/PI:0.0039; NH MULTI:0.0101; NH WHITE:0.3442; OTHER:0.0083; UNKNOWN:0.1693","0-9:803; 10-19:1743; 20-29:5766; 30-39:5572; 40-49:5365; 50-59:4933; 60-69:3405; 70-79:2121; 80+:2275; UNKNOWN:39","FEMALE:0.4995; MALE:0.4773; OTHER:4e-04; UNKNOWN:0.0227","1674","HISPANIC:0.2121; NH AI/AN:0.0048; NH ASIAN:0.0341; NH BLACK:0.0651; NH HN/PI:0.0036; NH MULTI:0.0125; NH WHITE:0.6260; OTHER:0.0042; UNKNOWN:0.0376","10-19:3; 20-29:9; 30-39:11; 40-49:44; 50-59:108; 60-69:213; 70-79:390; 80+:896","FEMALE:0.4492; MALE:0.5478; UNKNOWN:0.003",NA,"5399",NA,"0-9:52; 10-19:69; 20-29:314; 30-39:475; 40-49:697; 50-59:947; 60-69:902; 70-79:645; 80+:413",NA,"tableau",NA,"06/27/20"
7,"Connecticut","442998","46362",6354,60,4,"HISPANIC: 8741; NH AI/AN:   51; NH ASIAN/PI:  677; NH BLACK: 6074; NH MULTI:  125; NH OTHER:  255; NH WHITE:16162; UNKNOWN:14277","0-9:647; 10-19:1345; 20-29:5575; 30-39:6579; 40-49:6544; 50-59:7833; 60-69:6494; 70-79:4382; 80+:6904","FEMALE:25303; MALE:20935","4320","HISPANIC: 373; NH AI/AN:   2; NH ASIAN/PI:  45; NH BLACK: 642; NH MULTI:  27; NH OTHER:  15; NH WHITE:3154; UNKNOWN:  62","0-9:1; 10-19:1; 20-29:4; 30-39:21; 40-49:56; 50-59:176; 60-69:531; 70-79:941; 80+:2589","FEMALE:2256; MALE:2060",NA,NA,NA,NA,NA,NA,"curr_hosp:99","06/28/20"
20,"Delaware","109931; race_Non-Hispanic White:47488; race_Non-Hispanic Black:24110; race_Hispanic/Latino:9993; race_Another/Multiple:5338; race_Asian/Pacific Islander:1931; race_Unknown:21071","11376",NA,NA,NA,"ASIAN/PI: 170; HISPANIC:3211; MULTI: 556; NH BLACK:3007; NH WHITE:3404; UNKNOWN:1028","0-4:138; 5-17:560; 18-34:3168; 35-49:2842; 50-64:2513; 65+:2155","FEMALE:6291; MALE:5066; UNKNOWN:19","507","ASIAN/PI:  1; HISPANIC: 31; MULTI:  6; NH BLACK:130; NH WHITE:318; UNKNOWN: 21","0-4:0; 5-17:0; 18-34:11; 35-49:14; 50-64:66; 65+:416","FEMALE:268; MALE:239",NA,NA,NA,NA,NA,NA,"curr_hosp:15; Recovered:6665","06/29/20"
30,"District of Columbia","95360","10292; eth_Unknown:1170; eth_Hispanic or Latino:2953; eth_NOT Hispanic or Latino:6150; eth_Refused During Interview:19",NA,NA,NA,"AI/AN:  26; ASIAN: 163; BLACK:5128; HN/PI:  29; MULTI:2598; UNKNOWN: 245; WHITE:2103","0-4:133; 5-14:255; 15-19:224; 20-24:598; 25-34:1986; 35-44:1869; 45-54:1572; 55-64:1658; 65-74:1051; 75+:933; UNKNOWN:13","FEMALE:5160; MALE:5111; UNKNOWN:21","551","ASIAN:  8; BLACK:405; HISPANIC: 73; NH WHITE: 60; OTHER:  5","0-18:0; 20-29:3; 30-39:7; 40-49:19; 50-59:64; 60-69:129; 70-79:138; 80+:191","FEMALE:233; MALE:318",NA,NA,NA,NA,NA,"interactive",NA,"06/29/20"
NA,"Florida","1914151","143805; eth_hispanic:43723; eth_non_hispanic:52499; eth_unk:47583",NA,NA,NA,"AI/AN:    0; ASIAN:    0; BLACK:23514; MULTI:    0; OTHER:13725; UNKNOWN:42785; WHITE:63781","0-4:2131; 5-14:4297; 15-24:22263; 25-34:28940; 35-44:22952; 45-54:21893; 55-64:18054; 65-74:11288; 75-84:7040; 85+:4742; UNKNOWN:205","FEMALE:72409; MALE:71115; UNKNOWN:281","3447; eth_hispanic:870; eth_non_hispanic:2354; eth_unk:223","AI/AN:   0; ASIAN:   0; BLACK: 733; MULTI:   0; OTHER: 229; UNKNOWN: 113; WHITE:2372","0-4:0; 5-14:0; 15-24:5; 25-34:20; 35-44:59; 45-54:130; 55-64:308; 65-74:715; 75-84:972; 85+:1238; UNKNOWN:0",NA,NA,"14354; eth_hispanic:5065; eth_non_hispanic:8624; eth_unk:665","AI/AN:   0; ASIAN:   0; BLACK:3779; MULTI:   0; OTHER:1555; UNKNOWN: 387; WHITE:8633","0-4:62; 5-14:54; 15-24:316; 25-34:852; 35-44:1315; 45-54:1895; 55-64:2486; 65-74:2776; 75-84:2571; 85+:2027; UNKNOWN:0",NA,"pdf","Age data only available in images on site","06/29/20"
9,"Georgia","823117","79417; eth_Hispanic/Latino:12725; eth_Non-Hispanic/Latino:38571; eth_Unknown:28121",NA,NA,NA,"AI/AN:   71; ASIAN: 1198; BLACK:22417; HN/PI:   89; OTHER: 5976; UNKNOWN:23563; WHITE:26103","0-0:245; 1-4:644; 5-9:915; 10-17:2726; 18-29:17009; 30-39:13169; 40-49:12900; 50-59:12446; 60-69:8951; 70-79:5468; 80+:4705; UNKNOWN:239","FEMALE:41318; MALE:36179","2784; eth_Hispanic/Latino:137; eth_Non-Hispanic/Latino:2617; eth_Unknown:30","AI/AN:   3; ASIAN:  44; BLACK:1320; HN/PI:   5; OTHER:  65; UNKNOWN:  18; WHITE:1329","10-17:1; 18-29:13; 30-39:47; 40-49:106; 50-59:233; 60-69:517; 70-79:748; 80+:1118; UNKNOWN:1","FEMALE:1353; MALE:1429; UNKNOWN:2","Unknown:682; No:363; Yes:1739","10824",NA,"0-0:15; 1-4:19; 5-9:5; 10-17:62; 18-29:598; 30-39:958; 40-49:1342; 50-59:2032; 60-69:2257; 70-79:1882; 80+:1646; UNKNOWN:8",NA,"webpage",NA,"06/29/20"
NA,"Hawaii",NA,"900",NA,NA,NA,"AI/AN:  0; ASIAN:278; BLACK:  9; HN/PI:249; MULTI:  0; OTHER: 16; UNKNOWN:  0; WHITE:175","0-19:90; 20-39:292; 40-59:299; 60+:219",NA,"18",NA,NA,NA,NA,"111",NA,"0-19:NA; 20-39:10; 40-59:28; 60+:72",NA,"manual",NA,"06/29/20"
NA,"Idaho","85816","5319; eth_hispanic:1186; eth_non_hispanic:2128; eth_unk:2004",NA,NA,NA,"AI/AN: 106; ASIAN:  88; BLACK: 116; HN/PI:  29; MULTI: 272; OTHER: 801; UNKNOWN:  16; WHITE:3889","0-17:373; 18-29:1746; 30-39:851; 40-49:755; 50-59:669; 60-69:446; 70-79:241; 80+:232","FEMALE:2854; MALE:2448","91; eth_hispanic:6; eth_non_hispanic:84; eth_unk:1","AI/AN: 1; ASIAN: 2; BLACK: 1; HN/PI: 0; MULTI: 0; OTHER: 1; UNKNOWN: 1; WHITE:85","0-17:0; 18-29:0; 30-39:0; 40-49:0; 50-59:2; 60-69:10; 70-79:19; 80+:60","FEMALE:47; MALE:44",NA,"312",NA,NA,NA,"manual","Percentages present. Manual entry.","06/29/20"
4,"Illinois","1571896; age_Unknown:57916; age_<20:105778; age_20-29:218665; age_30-39:231374; age_40-49:221184; age_50-59:247360; age_60-69:222600; age_70-79:142791; age_80+:124228; gender_Male:635165; gender_Female:813861; gender_Unknown/Left Blank:122870; race_White:424281; race_Black:133291; race_Left Blank:810389; race_Other:49533; race_Asian:22933; race_Hispanic:128463; race_NH/PI*:1858; race_AI/AN**:1148","142461",26918,738,14,"AI/AN:  217; ASIAN: 4128; BLACK:23899; HISPANIC:46385; HN/PI:  368; OTHER: 5375; UNKNOWN:32405; WHITE:29684","0-19:10723; 20-29:23604; 30-39:23519; 40-49:25025; 50-59:23843; 60-69:16709; 70-79:9291; 80+:9688; UNKNOWN:59","FEMALE:72563; MALE:67268; UNKNOWN:2630","6902","AI/AN:   9; ASIAN: 325; BLACK:1927; HISPANIC:1420; HN/PI:   6; OTHER:  49; UNKNOWN:  99; WHITE:3067","0-19:4; 20-29:25; 30-39:110; 40-49:240; 50-59:573; 60-69:1235; 70-79:1643; 80+:3072; UNKNOWN:0","FEMALE:3139; MALE:3757; UNKNOWN:6",NA,NA,NA,NA,NA,"webpage",NA,"06/29/20"
13,"Indiana","476519; age_0-19:34200; age_20-29:70038; age_30-39:74086; age_40-49:73237; age_50-59:79144; age_60-69:69724; age_70-79:43801; age_80+:29034; age_Unknown:3255; gender_F:274158; gender_M:191444; gender_Unknown:10917; race_Asian:4082; race_Black or African American:43216; race_Other Race:67000; race_Unknown:88529; race_White:273692; eth_Hispanic or Latino:15588; eth_Not Hispanic or Latino:178151; eth_Unknown:282780","45228; eth_Hispanic or Latino:5202; eth_Not Hispanic or Latino:15076; eth_Unknown:24950",91,306,1,"ASIAN:  697; BLACK: 5595; OTHER: 8223; UNKNOWN:10174; WHITE:20539","0-19:2913; 20-29:7054; 30-39:7358; 40-49:7621; 50-59:7169; 60-69:5514; 70-79:3508; 80+:4057; UNKNOWN:34","FEMALE:23491; MALE:20872; UNKNOWN:865","2432; eth_Hispanic or Latino:46; eth_Not Hispanic or Latino:1299; eth_Unknown:1087","ASIAN:  13; BLACK: 355; OTHER: 314; UNKNOWN: 172; WHITE:1578","0-19:2; 20-29:6; 30-39:16; 40-49:45; 50-59:123; 60-69:393; 70-79:595; 80+:1251; UNKNOWN:1","FEMALE:1186; MALE:1194; UNKNOWN:52",NA,NA,NA,NA,NA,"interactive","beds_all_occupied_beds_covid_19:626; beds_icu_total:2521; beds_icu_occupied_beds_covid_19:265; bed_occupied_icu_non_covid:1239; beds_available_icu_beds_total:1017; vents_total:2957; vents_all_in_use_covid_19:85; vents_non_covid_pts_on_vents:399; vents_all_available_vents_not_in_use:2473","06/28/20"
NA,"Iowa","300427","28728; eth_hispanic:0.25; eth_non_hispanic:0.59; eth_unk:0.16",NA,NA,NA,"AI/AN:0.01; ASIAN:0.07; BLACK:0.09; HN/PI:0.01; OTHER:0.01; UNKNOWN:0.18; WHITE:0.63","0-17:0.05; 18-40:0.47; 41-60:0.32; 61-80:0.12; 80+:0.04","FEMALE:0.48; MALE:0.5; UNKNOWN:0.02","707; eth_hispanic:0.07; eth_non_hispanic:0.82; eth_unk:0.11","AI/AN:0.01; ASIAN:0.03; BLACK:0.05; HN/PI:0.02; OTHER:0.00; UNKNOWN:0.09; WHITE:0.80","0-17:0; 18-40:0.02; 41-60:0.1; 61-80:0.4; 80+:0.47","FEMALE:0.48; MALE:0.52; UNKNOWN:0",NA,NA,NA,NA,NA,"manual",NA,"06/29/20"
NA,"Kansas","167548","13538; eth_hispanic:5784; eth_non_hispanic:5510; eth_unk:2244",NA,NA,NA,"AI/AN:  99; ASIAN: 751; BLACK:1223; OTHER: 470; UNKNOWN:2309; WHITE:8686","0-9:386; 10-17:548; 18-24:1946; 25-34:2648; 35-44:2277; 45-54:2462; 55-64:1753; 65-74:772; 75-84:409; 85+:336; UNKNOWN:1","FEMALE:6148; MALE:7203; UNKNOWN:187","264; eth_hispanic:32; eth_non_hispanic:223; eth_unk:9","AI/AN:  2; ASIAN:  9; BLACK: 61; OTHER:  3; UNKNOWN:  4; WHITE:185","0-9:0; 10-17:0; 18-24:0; 25-34:2; 35-44:13; 45-54:6; 55-64:36; 65-74:51; 75-84:58; 85+:98; UNKNOWN:NA","FEMALE:125; MALE:139; UNKNOWN:0",NA,"1128; eth_hispanic:341; eth_non_hispanic:716; eth_unk:71","AI/AN:  6; ASIAN: 47; BLACK:193; OTHER: 72; UNKNOWN: 61; WHITE:749","0-9:12; 10-17:1; 18-24:31; 25-34:73; 35-44:174; 45-54:133; 55-64:240; 65-74:203; 75-84:145; 85+:116; UNKNOWN:0",NA,"manual",NA,"06/29/20"
19,"Kentucky","360929","15350; eth_Non-Hisp:56.749693%; eth_Hispanic:11.780307%",NA,NA,NA,"AI/AN:  52; ASIAN: 440; BLACK:1524; HN/PI:  33; MULTI:  72; OTHER: 598; UNKNOWN:4786; WHITE:7845","0-9:394; 10-19:817; 20-29:2570; 30-39:2536; 40-49:2481; 50-59:2323; 60-69:1787; 70-79:1181; 80+:1242; UNKNOWN:19","FEMALE:7975; MALE:7202; UNKNOWN:173","560; eth_Non-Hisp:89.486298%; eth_Hispanic:3.903702%","AI/AN:  0; ASIAN:  8; BLACK: 85; HN/PI:  0; MULTI:  3; OTHER:  6; UNKNOWN: 37; WHITE:421","0-9:1; 10-19:0; 20-29:0; 30-39:4; 40-49:13; 50-59:35; 60-69:87; 70-79:136; 80+:284; UNKNOWN:0","FEMALE:308; MALE:252; UNKNOWN:0",NA,"2603","AI/AN:   1; ASIAN: 103; BLACK: 344; HN/PI:   2; MULTI:  11; OTHER:  81; UNKNOWN: 231; WHITE:1678","0-9:20; 10-19:51; 20-29:211; 30-39:248; 40-49:303; 50-59:426; 60-69:435; 70-79:369; 80+:388; UNKNOWN:0","FEMALE:1359; MALE:1091; UNKNOWN:1","arcgis","icu_0-9:1; icu_10-19:4; icu_20-29:11; icu_30-39:26; icu_40-49:27; icu_50-59:85; icu_60-69:108; icu_70-79:105; icu_80+:60; icu_Unconfirmed:0; icu_F:196; icu_M:231; icu_U:0; recovered:3939; total_icu:427","06/29/20"
6,"Louisiana","704637","57081",NA,NA,NA,NA,"0-17:2971; 18-29:10779; 30-39:9224; 40-49:8945; 50-59:9052; 60-69:7463; 70+:8423","FEMALE:0.56; MALE:0.42; UNKNOWN:0.02","3091; eth_Hispanic/Latino:2.00%; eth_Non-Hispanic/Latino:89.00%; eth_Unknown:9.00%","AI/AN:   4; ASIAN:  22; BLACK:1630; HN/PI:   5; OTHER:  16; UNKNOWN:   0; WHITE:1414","0-17:3; 18-29:11; 30-39:56; 40-49:111; 50-59:269; 60-69:546; 70+:2095","FEMALE:0.48; MALE:0.52; UNKNOWN:0","Asthma:4.24%; Cancer:7.36%; Cardiac Disease:20.32%; Chronic Kidney Disease:20.41%; Congestive Heart Failure:13.71%; Diabetes:36.65%; Hypertension:59.98%; Neurological:13.32%; Obesity:19.22%; Pulmonary:12.09%",NA,NA,NA,NA,"arcgis + tableau + downloadable csv","curr_hosp:1432; curr_vent:189; Beds_In Use:8854; Beds_Still Available:5889; Hospital Vents_In Use:518; Hospital Vents_Still Available:1566; ICU Beds_In Use:1233; ICU Beds_Still Available:806","06/29/20"
25,"Maine","92890","3219; eth_Not Hispanic or Latino:2509; eth_Unknown:599; eth_Hispanic or Latino:111",NA,NA,NA,"AI/AN:   6; ASIAN:  63; BLACK: 768; HN/PI:   1; MULTI:  15; OTHER:  84; UNKNOWN: 382; WHITE:1900","0-19:232; 20-29:483; 30-39:489; 40-49:498; 50-59:540; 60-69:382; 70-79:275; 80+:292","FEMALE:1647; MALE:1544","105; eth_Not Hispanic or Latino:87; eth_Unknown:16; eth_Hispanic or Latino:0","AI/AN: 0; ASIAN: 0; BLACK: 2; HN/PI: 0; MULTI: 0; OTHER: 1; UNKNOWN: 8; WHITE:92",NA,"FEMALE:54; MALE:50",NA,"347; eth_Not Hispanic or Latino:289; eth_Unknown:50; eth_Hispanic or Latino:4","AI/AN:  0; ASIAN:  6; BLACK: 36; HN/PI:  0; MULTI:  0; OTHER:  3; UNKNOWN: 14; WHITE:284",NA,"FEMALE:149; MALE:197","tableau and interactive webpage","Total Hospitalized:31; In Critical Care:8; On a Ventilator:4; Available Critical Care Beds:162; Total Critical Care Beds:401; Available Ventilators:260; Total Ventilators:319; Alternative Ventilators:441; recovered:2623","06/28/20"
10,"Maryland","644026","67254",NA,NA,NA,"HISPANIC:18127; NH ASIAN: 1301; NH BLACK:19191; NH OTHER: 3317; NH WHITE:13159; UNKNOWN:12159","0-9:2006; 10-19:3461; 20-29:9917; 30-39:12569; 40-49:11948; 50-59:10587; 60-69:7550; 70-79:4764; 80+:4452","FEMALE:34869; MALE:32385","3175","HISPANIC: 346; NH ASIAN: 125; NH BLACK:1286; NH OTHER:  36; NH WHITE:1354; UNKNOWN:  28","0-9:0; 10-19:1; 20-29:18; 30-39:44; 40-49:99; 50-59:250; 60-69:504; 70-79:761; 80+:1476; UNKNOWN:22","FEMALE:1556; MALE:1619",NA,"10822",NA,NA,NA,"arcgis + webpage","Currently hospitalized :447; Acute care :287; Intensive care :160; Released from isolation :4979","06/29/20"
1,"Massachusetts","830666","108667",9391,163,19,"HISPANIC:20962; NH ASIAN: 2251; NH BLACK:10162; NH OTHER: 5571; NH WHITE:32609; UNKNOWN:37112","0-19:5766; 20-29:15042; 30-39:16358; 40-49:15501; 50-59:17218; 60-69:14016; 70-79:9450; 80+:15045; UNKNOWN:271","FEMALE:59219; MALE:47976; UNKNOWN:1472","8060; Hosp_Yes:4388; Hosp_No:1088; Hosp_Unknown:2584; Preexist_Yes:3866; Preexist_No:69; Preexist_Unknown:4125","HISPANIC: 566; NH ASIAN: 214; NH BLACK: 665; NH OTHER: 539; NH WHITE:5981; UNKNOWN:  95","0-19:0; 20-29:15; 30-39:32; 40-49:83; 50-59:287; 60-69:840; 70-79:1771; 80+:5032","FEMALE:4299; MALE:3760",NA,"11318","HISPANIC:1531; NH ASIAN: 366; NH BLACK:1332; NH OTHER: 888; NH WHITE:5485; UNKNOWN:1717","0-19:94; 20-29:281; 30-39:530; 40-49:809; 50-59:1482; 60-69:2177; 70-79:2437; 80+:3508; UNKNOWN:1",NA,"pdf","Cases.in.Residents.Healthcare.Workers.of.LTCFs:23399; facilities:369; Deaths.Reported.in.LTCFs:5086; Total.number.of.COVID.patients.in.hospital.today:748; Net.new.hospitalizations:-21; X5.day.average.of.net.new.hospitalizations:-41; ICU:134; Net.New.number.ICU:-9; Total.number.intubated:81; Net.New.number.intubated:-9; Confirmed.COVID.19.hospitalizations:51; Suspected.COVID.19.hospitalizations:303","06/28/20"
5,"Michigan","1046545","70223; eth1_Hispanic/Latino:8%; eth1_Non-Hispanic Latino:65%; eth1_Unknown:27%; eth2_Arab:2%; eth2_Non-Arab:41%; eth2_Unknown:57%",NA,NA,NA,"AI/AN:  245; ASIAN/PI: 1437; BLACK:19541; MULTI: 4465; OTHER: 3731; UNKNOWN: 8993; WHITE:25012","0-19:2456; 20-29:8275; 30-39:8980; 40-49:10034; 50-59:11015; 60-69:9626; 70-79:6490; 80+:6540; UNKNOWN:8","FEMALE:33098; MALE:30203; UNKNOWN:123","6161; eth1_Hispanic/Latino:2%; eth1_Non-Hispanic Latino:83%; eth1_Unknown:15%; eth2_Arab:1%; eth2_Non-Arab:43%; eth2_Unknown:56%","AI/AN:   6; ASIAN/PI:  70; BLACK:2341; MULTI:  79; OTHER: 101; UNKNOWN: 194; WHITE:3047","0-19:0; 20-29:8; 30-39:48; 40-49:176; 50-59:456; 60-69:1046; 70-79:1588; 80+:2516; UNKNOWN:0","FEMALE:2787; MALE:3051; UNKNOWN:0",NA,NA,NA,NA,NA,"webpage","# of ED Discharges:575; # In Critical Care:191; # on Ventilators:106; # of Inpatients:342; ICU:193","06/29/20"
NA,"Minnesota","592955","35861; eth_hispanic:8056; eth_non_hispanic:21311; eth_unk:6494",NA,NA,NA,"AI/AN:  308; ASIAN: 2756; BLACK: 7503; HN/PI:   85; MULTI:  740; OTHER: 4602; UNKNOWN: 5919; WHITE:14033","0-5:777; 6-19:3024; 20-29:7514; 30-39:7082; 40-49:5543; 50-59:4886; 60-69:2944; 70-79:1656; 80-89:1554; 90-99:831; 100+:49; UNKNOWN:1","FEMALE:17976; MALE:17246; OTHER:11; UNKNOWN:628","1435; eth_hispanic:46; eth_non_hispanic:1166; eth_unk:223","AI/AN:  22; ASIAN:  47; BLACK: 118; HN/PI:   3; MULTI:   0; OTHER:  20; UNKNOWN: 163; WHITE:1054","0-5:0; 6-19:0; 20-29:2; 30-39:10; 40-49:17; 50-59:71; 60-69:170; 70-79:275; 80-89:491; 90-99:371; 100+:28; UNKNOWN:0","FEMALE:713; MALE:682; OTHER:0; UNKNOWN:11",NA,"3943; eth_hispanic:593; eth_non_hispanic:2790; eth_unk:560","AI/AN:  90; ASIAN: 378; BLACK: 829; HN/PI:   8; MULTI:  71; OTHER: 281; UNKNOWN: 482; WHITE:1804","0-5:31; 6-19:84; 20-29:262; 30-39:396; 40-49:455; 50-59:742; 60-69:740; 70-79:572; 80-89:491; 90-99:162; 100+:7; UNKNOWN:1","FEMALE:1934; MALE:1975; OTHER:0; UNKNOWN:34","manual",NA,"06/30/2020"
NA,"Mississippi","305600","27900; eth_hispanic:1444; eth_non_hispanic:19902; eth_unk:6554",NA,NA,NA,"AI/AN: 1033; ASIAN:   91; BLACK:13827; HN/PI:    0; MULTI:    0; OTHER: 2470; UNKNOWN: 2768; WHITE: 7711","0-17:2430; 18-29:5628; 30-39:4398; 40-49:4438; 50-59:4092; 60-69:3224; 70-79:1975; 80-89:1213; 90+:496; UNKNOWN:NA","FEMALE:0.581; MALE:0.414; UNKNOWN:0.006","1082; eth_hispanic:18; eth_non_hispanic:994; eth_unk:70","AI/AN: 68; ASIAN:  0; BLACK:544; HN/PI:  0; MULTI:  0; OTHER: 16; UNKNOWN:  6; WHITE:448","0-17:0; 18-29:7; 30-39:17; 40-49:47; 50-59:97; 60-69:233; 70-79:289; 80-89:245; 90+:147; UNKNOWN:NA","FEMALE:553; MALE:523; UNKNOWN:0",NA,NA,NA,"0-17:39; 18-29:138; 30-39:190; 40-49:373; 50-59:533; 60-69:725; 70-79:622; 80-89:397; 90+:160; UNKNOWN:NA",NA,"pdf","Age data manually entered","07/01/20"
31,"Missouri","373007; age_0-14:16319; age_15-17:4652; age_18-24:29175; age_25-49:135360; age_50-64:90733; age_65-74:49987; age_75-84:27300; age_85+:15999; age_Unknown:3482","20261",NA,NA,NA,"BLACK:5758; MULTI: 513; OTHER: 374; UNKNOWN:1956; WHITE:4949","0-19:1367; 20-24:1643; 25-29:1773; 30-34:1675; 35-39:1560; 40-44:1445; 45-49:1546; 50-54:1578; 55-59:1600; 60-64:1472; 65-69:1084; 70-74:890; 75-79:719; 80+:1892","FEMALE:11583; MALE:9823; UNKNOWN:145","996; eth_HISPANIC:14; eth_NON HISPANIC:574; eth_REFUSED TO ANSWER:0; eth_UNKNOWN:81","BLACK:246; MULTI:  4; OTHER:  6; UNKNOWN: 18; WHITE:382","0-19:0; 80+:529; 20-29:3; 30-39:4; 40-49:20; 50-59:65; 60-69:146; 70-79:248","FEMALE:516; MALE:496; UNKNOWN:3",NA,NA,NA,NA,NA,"webpage + arcgis",NA,"06/27/20"
28,"Montana","88743","919; eth_Hispanic/Latino:65; eth_Not Hispanic/Latino:735",NA,NA,NA,"AI/AN/HN/PI:124; ASIAN:  2; BLACK:  4; OTHER: 17; PENDING:107; WHITE:665","0-9:39; 10-19:72; 20-29:182; 30-39:163; 40-49:117; 50-59:130; 60-69:134; 70-79:62; 80+:22","FEMALE:457; MALE:462","22",NA,NA,NA,NA,"100",NA,NA,NA,"arcgis + webpage","curr_Hospitalized:13; curr_Recovering:275; curr_Recovered and released from isolation:609","06/29/20"
24,"Nebraska","156373","18899",NA,NA,NA,NA,"0-19:2086; 20-34:5578; 35-44:3516; 45-54:3489; 55-64:2428; 65-74:1032; 75-84:466; 85+:299; UNKNOWN:5","FEMALE:9050; MALE:9042; UNKNOWN:807","267",NA,"0-19:1; 20-34:3; 35-44:5; 45-54:17; 55-64:50; 65-74:67; 75-84:65; 85+:59; UNKNOWN:0","FEMALE:120; MALE:147; UNKNOWN:0",NA,"1316",NA,"0-19:29; 20-34:103; 35-44:135; 45-54:227; 55-64:314; 65-74:247; 75-84:165; 85+:97; UNKNOWN:0","FEMALE:624; MALE:690; UNKNOWN:3",NA,NA,"06/28/20"
NA,"Nevada","307131","17160",NA,NA,NA,"AI/AN:  72; ASIAN: 885; BLACK: 975; HISPANIC:4387; OTHER: 764; WHITE:3160","0-9:403; 10-19:969; 20-29:2892; 30-39:2750; 40-49:2476; 50-59:2364; 60-69:1590; 70+:1469; UNKNOWN:2247","FEMALE:7931; MALE:7389; UNKNOWN:1840","500","AI/AN:  3; ASIAN: 70; BLACK: 58; HISPANIC: 78; OTHER: 12; WHITE:228","0-9:0; 10-19:2; 20-29:3; 30-39:6; 40-49:27; 50-59:43; 60-69:103; 70+:311; UNKNOWN:5","FEMALE:200; MALE:282; UNKNOWN:18",NA,NA,NA,NA,NA,"manual",NA,"06/29/20"
NA,"New Hampshire",NA,"3652",NA,NA,NA,"AI/AN:   0; ASIAN:  80; BLACK: 150; HISPANIC: 233; OTHER: 253; WHITE:1981","0-9:40; 10-19:151; 20-29:550; 30-39:502; 40-49:489; 50-59:654; 60-69:496; 70-79:298; 80+:448","FEMALE:2006; MALE:1617; UNKNOWN:0","172","AI/AN: 0; ASIAN: 0; BLACK: 0; HISPANIC: 4; OTHER:10; WHITE:88","0-9:0; 10-19:0; 20-29:1; 30-39:0; 40-49:5; 50-59:2; 60-69:11; 70-79:45; 80+:108","FEMALE:80; MALE:92; UNKNOWN:0",NA,"368","AI/AN:  0; ASIAN: 11; BLACK: 16; HISPANIC: 29; OTHER: 11; WHITE:244","0-9:2; 10-19:4; 20-29:12; 30-39:12; 40-49:32; 50-59:58; 60-69:103; 70-79:84; 80+:61","FEMALE:149; MALE:219; UNKNOWN:0","pdf","Race/ethnicity combined","06/29/20"
NA,"New Jersey","1403984","171272",NA,NA,NA,"HISPANIC:30757; NH ASIAN: 5142; NH BLACK:17242; NH OTHER:11915; NH WHITE:35928","0-4:835; 5-17:3502; 18-29:22398; 30-49:54321; 50-64:47965; 65-79:24505; 80+:17384; UNKNOWN:NA","FEMALE:86474; MALE:83833; UNKNOWN:965","13138","HISPANIC:2616; NH ASIAN: 718; NH BLACK:2357; NH OTHER: 224; NH WHITE:6965","0-4:2; 5-17:0; 18-29:51; 30-49:555; 50-64:2077; 65-79:4239; 80+:6213; UNKNOWN:NA","FEMALE:6084; MALE:7054; UNKNOWN:0",NA,"19847","HISPANIC:5042; NH ASIAN: 998; NH BLACK:3634; NH OTHER: 711; NH WHITE:7905","0-4:64; 5-17:97; 18-29:670; 30-49:3196; 50-64:5520; 65-79:5790; 80+:4489; UNKNOWN:NA","FEMALE:8783; MALE:11040; UNKNOWN:24","pdf","Site combined race and ethnicity, so calculation needed","06/29/20"
22,"New Mexico","337720","11982",NA,NA,NA,"AI/AN:0.5030; ASIAN:0.0058; BLACK:0.0193; HISPANIC:0.2876; UNKNOWN:0.0632; WHITE:0.1151","0-9:528; 10-19:1065; 20-29:2069; 30-39:2192; 40-49:1869; 50-59:1731; 60-69:1311; 70-79:611; 80-89:399; 90+:171","FEMALE:0.4836; MALE:0.5164","493",NA,NA,NA,NA,"1876",NA,NA,NA,"public dashboard","recovered:5296; curr_hosp:119","06/29/20"
NA,"New York","3816485","392539",NA,NA,NA,NA,NA,"FEMALE:0.486; MALE:0.508; UNKNOWN:0.006","24835","ASIAN:0.0595; BLACK:0.2416; HISPANIC:0.2700; OTHER:0.0434; WHITE:0.3851","0-9:4; 10-19:11; 20-29:91; 30-39:330; 40-49:854; 50-59:2376; 60-69:4833; 70-79:6454; 80-89:6389; 90+:3484; UNKNOWN:9","FEMALE:10549; MALE:14277; UNKNOWN:9",NA,NA,NA,NA,NA,"manual","Percentages present. Manual entry.","06/29/20"
NA,"North Carolina","871905","62142; eth_hispanic:18971; eth_non_hispanic:22346; eth_unk:20825",NA,NA,NA,"AI/AN:  442; ASIAN:  928; BLACK:10186; HN/PI:  161; MULTI:    0; OTHER: 7172; UNKNOWN:19946; WHITE:23307","0-17:6301; 18-24:7730; 25-49:27850; 50-64:12125; 65-74:4017; 75+:3896; UNKNOWN:223","FEMALE:31001; MALE:30254; UNKNOWN:886","1322; eth_hispanic:113; eth_non_hispanic:1129; eth_unk:80","AI/AN: 15; ASIAN: 19; BLACK:426; HN/PI:  4; MULTI:  0; OTHER: 69; UNKNOWN: 47; WHITE:742","0-17:1; 18-24:2; 25-49:68; 50-64:193; 65-74:269; 75+:789; UNKNOWN:0","FEMALE:615; MALE:698; UNKNOWN:9",NA,NA,NA,NA,NA,"pdf","Age data manually entered as percentages.","06/29/20"
27,"North Dakota","105691","3539",NA,47,NA,NA,"0-9:181; 10-19:280; 20-29:817; 30-39:740; 40-49:513; 50-59:380; 60-69:273; 70-79:132; 80+:223","FEMALE:1893; MALE:1646","79",NA,"0-9:0; 10-19:0; 20-29:0; 30-39:0; 40-49:4; 50-59:2; 60-69:8; 70-79:16; 80+:49",NA,NA,"227",NA,"0-9:3; 10-19:1; 20-29:10; 30-39:32; 40-49:28; 50-59:44; 60-69:38; 70-79:29; 80+:42",NA,"datawrapper","recovered:12; curr_hosp:8; active_cases:11; risk_Close Contact:2; risk_Community:3; risk_Confirmed Travel:10; risk_Household:16; risk_Possible Travel:18; risk_Under Investigation:5; recovered_0-9:6; recovered_10-19:9; recovered_20-29:17; recovered_30-39:15; recovered_40-49:14; recovered_50-59:13; recovered_60-69:7; recovered_70-79:1; recovered_80+:4","06/29/20"
11,"Ohio","770860","51046; eth_Non-hispanic:35664; eth_Hispanic:4029; eth_Unknown:11353",NA,6,1,"AI/AN:   59; ASIAN: 1611; BLACK:13392; HN/PI:  109; MULTI: 1833; OTHER: 3859; UNKNOWN: 5379; WHITE:24804","0-19:3220; 20-29:8466; 30-39:8602; 40-49:7787; 50-59:7905; 60-69:6203; 70-79:4123; 80+:4700; UNKNOWN:40","FEMALE:25049; MALE:25587; UNKNOWN:410","2818; eth_Non-hispanic:2725; eth_Hispanic:59; eth_Unknown:34; eth_Refuse:0","AI/AN:   1; ASIAN:  30; BLACK: 523; HN/PI:   1; MULTI:  35; OTHER:  16; UNKNOWN:  22; WHITE:2190","0-19:1; 20-29:11; 30-39:18; 40-49:41; 50-59:164; 60-69:405; 70-79:688; 80+:1490; UNKNOWN:0","FEMALE:1356; MALE:1462; UNKNOWN:0",NA,"7746; eth_Non-hispanic:6577; eth_Hispanic:521; eth_Unknown:640; eth_Refuse:8","AI/AN:   9; ASIAN: 185; BLACK:2432; HN/PI:  22; MULTI: 276; OTHER: 353; UNKNOWN: 200; WHITE:4262","0-19:129; 20-29:334; 30-39:514; 40-49:760; 50-59:1373; 60-69:1694; 70-79:1484; 80+:1457; UNKNOWN:1","FEMALE:3692; MALE:4039; UNKNOWN:15","tableau","today_hosp:2","06/29/20"
NA,"Oklahoma",NA,"13172",NA,NA,NA,"AI/AN: 926; ASIAN:1100; BLACK: 974; MULTI: 519; UNKNOWN:2094; WHITE:7559","0-4:234; 5-17:769; 18-35:4537; 36-49:2981; 50-64:2419; 65+:2231; UNKNOWN:NA","FEMALE:1486; MALE:1713; UNKNOWN:1","385","AI/AN: 27; ASIAN:  7; BLACK: 28; MULTI: 10; UNKNOWN: 22; WHITE:291","0-4:0; 5-17:0; 18-35:6; 36-49:9; 50-64:62; 65+:308; UNKNOWN:NA","FEMALE:188; MALE:197; UNKNOWN:0",NA,NA,NA,NA,NA,"pdf","Demographic and age data available, but age and demo data manually entered.","06/29/20"
23,"Oregon","234769","8485; eth_Hispanic:3061; eth_Not Hispanic:4353; eth_Unknown:1071",NA,NA,NA,"AI/AN: 179; ASIAN: 327; BLACK: 368; HN/PI: 262; MULTI: 245; OTHER:2586; UNKNOWN:1028; WHITE:3490","0-9:312; 10-19:624; 20-29:1658; 30-39:1498; 40-49:1408; 50-59:1235; 60-69:836; 70-79:523; 80+:375; UNKNOWN:16","FEMALE:4414; MALE:4058; OTHER:1; UNKNOWN:12","204; eth_Hispanic:24; eth_Not Hispanic:163; eth_Unknown:17","AI/AN:  3; ASIAN:  9; BLACK:  6; HN/PI:  5; MULTI:  2; OTHER: 16; UNKNOWN: 13; WHITE:150","0-9:0; 10-19:0; 20-29:0; 30-39:1; 40-49:3; 50-59:9; 60-69:40; 70-79:55; 80+:96; UNKNOWN:0","FEMALE:88; MALE:116; OTHER:0; UNKNOWN:0",NA,"1025; eth_Hispanic:262; eth_Not Hispanic:701; eth_Unknown:62","AI/AN: 15; ASIAN: 44; BLACK: 47; HN/PI: 39; MULTI: 18; OTHER:226; UNKNOWN: 54; WHITE:582","0-9:7; 10-19:6; 20-29:53; 30-39:78; 40-49:124; 50-59:176; 60-69:222; 70-79:206; 80+:153; UNKNOWN:0","FEMALE:484; MALE:541","webpage","avail_Adult ICU beds:207; avail_Adult non-ICU beds:1060; avail_Pediatric NICU/PICU beds:91; avail_Pediatric non-ICU beds:141; avail_Ventilators:794; total_Adult ICU beds:767; total_Adult non-ICU beds:4399; total_Pediatric NICU/PICU beds:322; total_Pediatric non-ICU beds:353; curr_Current hospitalized patients:151; curr_Current patients in ICU beds:44; curr_Current patients on ventilators:25","06/29/20"
3,"Pennsylvania","752889","85988; eth_Hispanic:6954; eth_Not Hispanic:17809; eth_Not Reported:61225",NA,NA,NA,"ASIAN: 1272; BLACK:10997; OTHER:  618; UNKNOWN:47334; WHITE:25767","0-9:1316; 20-29:11782; 30-39:12767; 40-49:12182; 50-59:14257; 60-69:11704; 70-79:7655; 80-89:6755; 90-99:4072; 100+:216; NOTREPORTED:118; 10-19:3164","FEMALE:0.55; MALE:0.44; OTHER:0; UNKNOWN:0.01","6614; eth_Hispanic:336; eth_Not Hispanic:5550","ASIAN: 142; BLACK:1216; MULTI: 283; WHITE:4245","0-4:0; 5-9:0; 10-14:0; 15-19:0; 20-24:0; 25-29:6; 30-34:10; 35-39:7; 40-44:29; 45-49:64; 50-54:109; 55-59:185; 60-64:321; 65-69:471; 70-74:583; 75-79:665; 80-84:828; 85-89:1045; 90-94:974; 95-99:487; 100-104:90; 105-109:8","FEMALE:3047; MALE:2839","Neuro Dementia:1280; Cardio Hypertension:1236; Metabolic Diabetes:746; Respiratory COPD:464; Cardio Coronary Artery Disease:439; Kidney Chronic:404; Cardio Congestive Heart Failure:398; Cancer:245; Neuro Parkinson’s:151; Kidney End-Stage Renal:129; Metabolic Obesity:119; Respiratory Sleep Apnea:49; Respiratory Asthma:47; Liver Cirrhosis:27; Immuno Organ Transplant:12; Immuno HIV:11; Liver Chronic:6",NA,NA,"0-4:0.01; 5-12:0.01; 13-18:0.01; 19-24:0.01; 25-49:0.16; 50-64:0.26; 65+:0.56",NA,"webpage","pod_Hospice:120; pod_Hospital:3025; pod_Long-Term Living:2567; pod_Residence:171; pod_Other:3","05/07/20"
16,"Rhode Island","238520","16764",1392,16,6,"HISPANIC:5829; NH BLACK:1573; NH MULTI: 364; NH OTHER: 453; NH WHITE:4534; UNKNOWN:3473","0-9:419; 10-19:825; 20-29:2514; 30-39:2558; 40-49:2464; 50-59:2525; 60-69:1803; 70-79:1207; 80-89:1127; 90-99:729; 100+:54; PENDING:5","FEMALE:8940; MALE:7143; UNKNOWN:143","946","HISPANIC: 81; NH BLACK: 47; NH MULTI:  0; NH OTHER: 12; NH WHITE:629; UNKNOWN:177","0-9:0; 10-19:5; 20-29:5; 30-39:6; 40-49:11; 50-59:42; 60-69:91; 70-79:233; 80-89:303; 90-99:236; 100+:22; PENDING:0","FEMALE:505; MALE:441; UNKNOWN:0",NA,"1995","HISPANIC:544; NH BLACK:184; NH MULTI: 63; NH OTHER: 49; NH WHITE:758; UNKNOWN:397","0-9:14; 10-19:20; 20-29:90; 30-39:142; 40-49:227; 50-59:323; 60-69:406; 70-79:382; 80-89:270; 90-99:109; 100+:6; PENDING:6","FEMALE:914; MALE:1069; UNKNOWN:12","google doc","discharge-from-hosp:1627; curr_hosp:73; curr_ICU:15; curr_ICUvent:14","06/29/20"
NA,"South Carolina","408394","30335; eth_hispanic:0.14; eth_non_hispanic:0.6; eth_unk:0.26",NA,NA,NA,"ASIAN:0.01; BLACK:0.34; OTHER:0.10; UNKNOWN:0.10; WHITE:0.45","0-10:0.03; 11-20:0.11; 21-30:0.21; 31-40:0.16; 41-50:0.15; 51-60:0.14; 61-70:0.1; 71-80:0.06; 81+:0.04; UNKNOWN:NA","FEMALE:0.525; MALE:0.439; UNKNOWN:0.036","694; eth_hispanic:0.04; eth_non_hispanic:0.85; eth_unk:0.11","ASIAN:0.01; BLACK:0.46; OTHER:0.02; UNKNOWN:0.05; WHITE:0.46","0-10:0; 11-20:0.001; 21-30:0.006; 31-40:0.007; 41-50:0.032; 51-60:0.088; 61-70:0.207; 71-80:0.306; 81+:0.353; UNKNOWN:NA","FEMALE:0.48; MALE:0.51; UNKNOWN:0.01",NA,"2622",NA,NA,NA,"pdf","Demographic and age data manually entered","06/29/20"
NA,"South Dakota","78893","6681",NA,NA,NA,"HISPANIC:1077; NH AI/AN: 962; NH ASIAN: 700; NH BLACK: 968; NH WHITE:2273; OTHER: 701","0-19:689; 20-29:1375; 30-39:1434; 40-49:1076; 50-59:1061; 60-69:612; 70-79:235; 80+:199; UNKNOWN:NA","FEMALE:3327; MALE:3454; UNKNOWN:0","91",NA,"0-19:0; 20-29:1; 30-39:3; 40-49:6; 50-59:12; 60-69:15; 70-79:12; 80+:42; UNKNOWN:NA","FEMALE:51; MALE:40; UNKNOWN:0",NA,"652",NA,"0-19:19; 20-29:46; 30-39:72; 40-49:88; 50-59:135; 60-69:136; 70-79:88; 80+:88; UNKNOWN:NA",NA,"manual",NA,"06/29/20"
NA,"Tennessee","776858","42297; eth_hispanic:11204; eth_non_hispanic:20789; eth_unk:10304",NA,NA,NA,"AI/AN:    0; ASIAN:  578; BLACK: 8872; MULTI:    0; OTHER: 7003; UNKNOWN: 7972; WHITE:17771","0-10:1960; 11-20:4046; 21-30:9281; 31-40:8569; 41-50:7051; 51-60:5508; 61-70:3078; 71-80:1579; 81+:952; UNKNOWN:273","FEMALE:18996; MALE:22213; UNKNOWN:1088","592; eth_hispanic:51; eth_non_hispanic:535; eth_unk:6","AI/AN:  0; ASIAN: 11; BLACK:206; MULTI:  0; OTHER: 34; UNKNOWN:  2; WHITE:338","0-10:3; 11-20:1; 21-30:5; 31-40:11; 41-50:26; 51-60:52; 61-70:113; 71-80:183; 81+:198; UNKNOWN:0","FEMALE:266; MALE:326; UNKNOWN:0",NA,"2599",NA,NA,NA,"pdf",NA,"06/29/20"
8,"Texas","1819189","153011",NA,NA,NA,"ASIAN: 602; BLACK:2537; HISPANIC:7763; OTHER: 117; UNKNOWN:4656; WHITE:5615","0-0:85; 1-9:343; 10-19:933; 20-29:3628; 30-39:3914; 40-49:3864; 50-59:3691; 60-64:1476; 65-69:1086; 70-74:697; 75-79:526; 80+:1047; UNKNOWN:0","FEMALE:10345; MALE:10753; UNKNOWN:192","2403","ASIAN: 13; BLACK: 85; HISPANIC:171; OTHER:  5; UNKNOWN:119; WHITE:269","0-0:0; 1-9:0; 10-19:0; 20-29:11; 30-39:13; 40-49:26; 50-59:72; 60-64:60; 65-69:74; 70-74:69; 75-79:70; 80+:265; UNKNOWN:2","FEMALE:271; MALE:363; UNKNOWN:28",NA,NA,NA,NA,NA,"arcgis + downloadable cs","recovered:81335; Lab Confirmed COVID-19 Patients Currently in Texas Hospitals:5913; Total Texas Staffed Hospital Beds:54244; Available Texas Hospital Beds:13825; Available Texas ICU Beds:1411; Available Texas Ventilators:5670","06/29/20"
18,"Utah","333905","21664; com_Any Condition:4914; com_Former Smoker:1579; com_Chronic Pulmonary:1323; com_Diabetes:1207; com_Other:1135; com_Current Smoker:690; com_Cardiovascular:678; com_Immunocompromised:443; com_Chronic Kidney:253; com_Neurologic:241; com_Chronic Liver:125",2076,0,NA,"AI/AN: 573; ASIAN: 482; BLACK: 593; HISPANIC:9325; HN/PI: 835; NH WHITE:7471; OTHER:2656; UNKNOWN:2573","0-1:103; 1-14:1354; 15-24:4316; 25-44:8548; 45-64:5678; 65-84:1475; 85+:182; UNKNOWN:8","FEMALE:10538; MALE:11100","168","AI/AN: 9; ASIAN: 8; BLACK: 0; HISPANIC:39; HN/PI:10; NH WHITE:93; OTHER:12; UNKNOWN: 7","0-1:0; 1-14:0; 15-24:0; 25-44:0; 45-64:43; 65-84:78; 85+:44; UNKNOWN:0","FEMALE:0.405; MALE:0.595","Any Condition:716; Diabetes:336; Other:258; Cardiovascular:214; Chronic Pulmonary:178; Former Smoker:175; Chronic Kidney:109; Immunocompromised:109; Neurologic:59; Current Smoker:46; Chronic Liver:29","1417","AI/AN: 77; ASIAN: 31; BLACK: 39; HISPANIC:559; HN/PI: 96; NH WHITE:560; OTHER:172; UNKNOWN: 44","0-1:5; 1-14:9; 15-24:79; 25-44:346; 45-64:572; 65-84:353; 85+:53; UNKNOWN:0","FEMALE:0.469; MALE:0.531",NA,"cum_active_cases:9291; cum_estimate_recovered:12205; icu_Yes:394; icu_No:20012; icu_Under Investigation:1258; vent_Yes:170; vent_No:18677; vent_Under Investigation:2817; exp_Healthcare:779; exp_In-state Without Known Contact:2777; exp_Known Contact:13476; exp_Travel:482; exp_Unknown / Under Investigation:4150; contact_Household:8174; contact_Other:57; contact_Social:2788; contact_Unspecified:1992; contact_Workplace:465","06/29/20"
26,"Vermont","64993","1208; eth_Hispanic:41; eth_Not Hispanic:1052; eth_Unknown:115",NA,6,0,"AI/AN:  2; ASIAN: 53; BLACK:113; OTHER: 22; UNKNOWN: 33; WHITE:985","0-9:25; 10-19:70; 20-29:183; 30-39:170; 40-49:157; 50-59:218; 60-69:175; 70-79:115; 80+:95","FEMALE:627; MALE:576; UNKNOWN:5","56; eth_Hispanic:0; eth_Not Hispanic:56; eth_Unknown:0","AI/AN: 0; ASIAN: 2; BLACK: 0; OTHER: 1; UNKNOWN: 0; WHITE:53","0-9:0; 10-19:0; 20-29:0; 30-39:1; 40-49:1; 50-59:2; 60-69:8; 70-79:20; 80+:24","FEMALE:25; MALE:31; UNKNOWN:0",NA,NA,NA,NA,NA,"arcgis","daily_recovered:2; total_recovered:949; people_monitored:1630; completed_monitoring:1526","06/28/20"
15,"Virginia","633705","62189",NA,453,8,"AI/AN:   73; ASIAN/PI: 2068; BLACK: 8818; HISPANIC:21266; MULTI:  179; OTHER: 1654; UNKNOWN:15001; WHITE:13130","0-9:2063; 10-19:4262; 20-29:10379; 30-39:11505; 40-49:11106; 50-59:9502; 60-69:6203; 70-79:3212; 80+:3343; UNKNOWN:614","FEMALE:31173; MALE:30562; UNKNOWN:454","1740","AI/AN:  2; ASIAN/PI:101; BLACK:378; HISPANIC:190; MULTI:  0; OTHER: 22; UNKNOWN:101; WHITE:946","0-9:0; 10-19:0; 20-29:4; 30-39:11; 40-49:43; 50-59:110; 60-69:250; 70-79:434; 80+:886; UNKNOWN:2","FEMALE:858; MALE:872; UNKNOWN:10",NA,"6164","AI/AN:   5; ASIAN/PI: 351; BLACK:1513; HISPANIC:2102; MULTI:  19; OTHER: 134; UNKNOWN: 213; WHITE:1827","0-9:50; 10-19:58; 20-29:262; 30-39:535; 40-49:828; 50-59:1130; 60-69:1229; 70-79:1029; 80+:1034; UNKNOWN:9","FEMALE:2831; MALE:3324; UNKNOWN:9","tableau","total_hosp_today:28","06/29/20"
12,"Washington","548220","32253",NA,NA,NA,"HISPANIC:10420; NH AI/AN:  423; NH ASIAN: 1378; NH BLACK: 1331; NH HN/PI:  715; NH MULTI:  458; NH OTHER:  539; NH WHITE: 8205; UNKNOWN: 8784","0-19:0.09; 20-39:0.36; 40-59:0.31; 60-79:0.17; 80+:0.07; UNKNOWN:0","FEMALE:0.51; MALE:0.47; UNKNOWN:0.03","1320","HISPANIC:158; NH AI/AN: 18; NH ASIAN:111; NH BLACK: 42; NH HN/PI: 12; NH MULTI: 16; NH OTHER: 26; NH WHITE:883; UNKNOWN: 54","0-19:0; 20-39:0.01; 40-59:0.09; 60-79:0.39; 80+:0.51; UNKNOWN:0","FEMALE:0.46; MALE:0.54; UNKNOWN:0.01",NA,"4323","HISPANIC: 902; NH AI/AN:  60; NH ASIAN: 244; NH BLACK: 179; NH HN/PI:  92; NH MULTI:  44; NH OTHER:  63; NH WHITE:1567; UNKNOWN:1172","0-19:0.01; 20-39:0.12; 40-59:0.28; 60-79:0.39; 80+:0.21; UNKNOWN:0","FEMALE:0.45; MALE:0.54; UNKNOWN:0.02","power BI + webpage","Hospitals Reporting:77; Total COVID-19 Patients Hospitalized:282; Total COVID-19 Patients Ventilated:50","06/29/20"
NA,"West Virginia","168082","2849",NA,NA,NA,"AI/AN:0.000; ASIAN:0.000; BLACK:0.073; MULTI:0.000; OTHER:0.128; UNKNOWN:0.000; WHITE:0.799","0-9:0.0235; 10-19:0.0779; 20-29:0.1734; 30-39:0.1362; 40-49:0.1471; 50-59:0.1576; 60-69:0.1306; 70+:0.1537; UNKNOWN:NA","FEMALE:0.516; MALE:0.483; UNKNOWN:0.001","93",NA,NA,NA,NA,NA,NA,NA,NA,"manual","Percentages present. Manual entry.","06/29/20"
32,"Wisconsin","568198","28659; eth_hispanic:8843; eth_non-hispanic:16585; eth_unknown:3231",NA,NA,NA,"AI/AN:  280; ASIAN: 1088; BLACK: 5022; MULTI: 3398; UNKNOWN: 2961; WHITE:15910","0-9:950; 10-19:2195; 20-29:6505; 30-39:5031; 40-49:4438; 50-59:4021; 60-69:2701; 70-79:1432; 80-89:924; 90+:462","FEMALE:14652; MALE:13934; UNKNOWN:73","784; eth_hispanic:90; eth_non-hispanic:680; eth_unknown:14","AI/AN: 10; ASIAN: 23; BLACK:184; MULTI: 12; UNKNOWN: 11; WHITE:544","0-9:0; 10-19:0; 20-29:8; 30-39:8; 40-49:23; 50-59:59; 60-69:133; 70-79:204; 80-89:193; 90+:156","FEMALE:363; MALE:421; UNKNOWN:0",NA,"3446",NA,"0-9:27; 10-19:51; 20-29:203; 30-39:283; 40-49:416; 50-59:574; 60-69:709; 70-79:607; 80-89:419; 90+:157",NA,NA,"icuage_<10:2; icuage_10-19:3; icuage_20-29:26; icuage_30-39:37; icuage_40-49:91; icuage_50-59:132; icuage_60-69:206; icuage_70-79:149; icuage_80-89:76; icuage_90+:28; healthcareWorker:2673","06/30/20"
NA,"Wyoming","42402","1450",NA,NA,NA,"AI/AN:312; ASIAN:  7; BLACK: 14; HISPANIC:163; HN/PI:  5; OTHER: 43; UNKNOWN: 66; WHITE:613","0-18:167; 19-29:274; 19-64:NA; 30-39:173; 40-49:239; 50-59:134; 60-69:170; 65+:NA; 70-79:54; 80+:36; UNKNOWN:NA","FEMALE:596; MALE:543; UNKNOWN:0","20","AI/AN:0.45; ASIAN:0.00; BLACK:0.00; HISPANIC:0.05; HN/PI:0.00; OTHER:0.00; UNKNOWN:0.05; WHITE:0.40","0-18:0; 19-29:NA; 19-64:0.25; 30-39:NA; 40-49:NA; 50-59:NA; 60-69:NA; 65+:0.65; 70-79:NA; 80+:NA; UNKNOWN:NA","FEMALE:0.4; MALE:0.5; UNKNOWN:0",NA,NA,NA,NA,NA,"manual",NA,"06/29/20"
