state_name,total_test,total_case,total_death,total_hosp,category,raw,strata_type,data_type
Alabama,NA,12631,509,1480,5-24,1352,age,case
Alabama,NA,12631,509,1480,65+,3088,age,case
Alabama,NA,12631,509,1480,0-4,110,age,case
Alabama,NA,12631,509,1480,50-64,3083,age,case
Alabama,NA,12631,509,1480,25-49,4990,age,case
Alabama,NA,12631,509,1480,UNKNOWN,8,age,case
Alaska,36380,399,10,43,0-10,9,age,case
Alaska,36380,399,10,43,10-19,26,age,case
Alaska,36380,399,10,43,20-29,69,age,case
Alaska,36380,399,10,43,30-39,79,age,case
Alaska,36380,399,10,43,40-49,57,age,case
Alaska,36380,399,10,43,50-59,71,age,case
Alaska,36380,399,10,43,60-69,55,age,case
Alaska,36380,399,10,43,70-79,25,age,case
Alaska,36380,399,10,43,80+,8,age,case
Alaska,36380,399,10,43,UNKNOWN,0,age,case
Arizona,220612,14566,704,NA,0-19,1179,age,case
Arizona,220612,14566,704,NA,20-44,5663,age,case
Arizona,220612,14566,704,NA,45-54,2447,age,case
Arizona,220612,14566,704,NA,55-64,2177,age,case
Arizona,220612,14566,704,NA,65+,3091,age,case
Arizona,220612,14566,704,NA,UNKNOWN,9,age,case
Arkansas,105807,4923,102,535,0-17,193,age,case
Arkansas,105807,4923,102,535,18-24,416,age,case
Arkansas,105807,4923,102,535,25-44,1899,age,case
Arkansas,105807,4923,102,535,45-64,1565,age,case
Arkansas,105807,4923,102,535,65+,740,age,case
California,NA,81795,3250,NA,0-17,3446,age,case
California,NA,81795,3250,NA,18-49,20939,age,case
California,NA,81795,3250,NA,50-64,20382,age,case
California,NA,81795,3250,NA,65+,20003,age,case
Colorado,NA,20304,1001,NA,0-9,456,age,case
Colorado,NA,20304,1001,NA,10-19,925,age,case
Colorado,NA,20304,1001,NA,20-29,3447,age,case
Colorado,NA,20304,1001,NA,30-39,3860,age,case
Colorado,NA,20304,1001,NA,40-49,3895,age,case
Colorado,NA,20304,1001,NA,50-59,3686,age,case
Colorado,NA,20304,1001,NA,60-69,2670,age,case
Colorado,NA,20304,1001,NA,70-79,1690,age,case
Colorado,NA,20304,1001,NA,80+,1798,age,case
Colorado,NA,20304,1001,NA,UNKNOWN,55,age,case
Connecticut,185520,38430,3472,NA,0-9,386,age,case
Connecticut,185520,38430,3472,NA,10-19,897,age,case
Connecticut,185520,38430,3472,NA,20-29,4264,age,case
Connecticut,185520,38430,3472,NA,30-39,5340,age,case
Connecticut,185520,38430,3472,NA,40-49,5475,age,case
Connecticut,185520,38430,3472,NA,50-59,6739,age,case
Connecticut,185520,38430,3472,NA,60-69,5686,age,case
Connecticut,185520,38430,3472,NA,70-79,3772,age,case
Connecticut,185520,38430,3472,NA,80+,5748,age,case
Delaware,44132,8037,304,NA,0-4,94,age,case
Delaware,44132,8037,304,NA,5-17,368,age,case
Delaware,44132,8037,304,NA,18-34,2085,age,case
Delaware,44132,8037,304,NA,35-49,2102,age,case
Delaware,44132,8037,304,NA,50-64,1895,age,case
Delaware,44132,8037,304,NA,65+,1493,age,case
Florida,717162,45684,2052,NA,0-4,305,age,case
Florida,717162,45684,2052,NA,5-14,656,age,case
Florida,717162,45684,2052,NA,15-24,3628,age,case
Florida,717162,45684,2052,NA,25-34,6875,age,case
Florida,717162,45684,2052,NA,35-44,6874,age,case
Florida,717162,45684,2052,NA,45-54,7958,age,case
Florida,717162,45684,2052,NA,55-64,7596,age,case
Florida,717162,45684,2052,NA,65-74,5485,age,case
Florida,717162,45684,2052,NA,75-84,3746,age,case
Florida,717162,45684,2052,NA,85+,2555,age,case
Florida,717162,45684,2052,NA,UNKNOWN,6,age,case
Georgia,NA,38855,1675,7076,NA,NA,age,case
Illinois,621684,98030,4379,NA,0-20,5493,age,case
Illinois,621684,98030,4379,NA,20-29,14908,age,case
Illinois,621684,98030,4379,NA,30-39,16116,age,case
Illinois,621684,98030,4379,NA,40-49,17820,age,case
Illinois,621684,98030,4379,NA,50-59,17607,age,case
Illinois,621684,98030,4379,NA,60-69,12248,age,case
Illinois,621684,98030,4379,NA,70-79,6862,age,case
Illinois,621684,98030,4379,NA,80+,6910,age,case
Illinois,621684,98030,4379,NA,UNKNOWN,66,age,case
Indiana,189330,28705,1678,NA,0-19,1069,age,case
Indiana,189330,28705,1678,NA,20-29,3915,age,case
Indiana,189330,28705,1678,NA,30-39,4566,age,case
Indiana,189330,28705,1678,NA,40-49,4887,age,case
Indiana,189330,28705,1678,NA,50-59,4944,age,case
Indiana,189330,28705,1678,NA,60-69,3795,age,case
Indiana,189330,28705,1678,NA,70-79,2455,age,case
Indiana,189330,28705,1678,NA,80+,3047,age,case
Indiana,189330,28705,1678,NA,UNKNOWN,27,age,case
Iowa,109275,15447,380,NA,0-17,0,age,case
Iowa,109275,15447,380,NA,18-40,0,age,case
Iowa,109275,15447,380,NA,41-60,0,age,case
Iowa,109275,15447,380,NA,61-80,0,age,case
Iowa,109275,15447,380,NA,80+,0,age,case
Kansas,NA,8340,173,740,0-9,172,age,case
Kansas,NA,8340,173,740,10-17,259,age,case
Kansas,NA,8340,173,740,18-24,999,age,case
Kansas,NA,8340,173,740,25-34,1586,age,case
Kansas,NA,8340,173,740,35-44,1506,age,case
Kansas,NA,8340,173,740,45-54,1585,age,case
Kansas,NA,8340,173,740,55-64,1211,age,case
Kansas,NA,8340,173,740,65-74,518,age,case
Kansas,NA,8340,173,740,75-84,269,age,case
Kansas,NA,8340,173,740,85+,221,age,case
Kansas,NA,8340,173,740,UNKNOWN,14,age,case
Kentucky,153800,8069,366,1527,0-9,108,age,case
Kentucky,153800,8069,366,1527,10-19,273,age,case
Kentucky,153800,8069,366,1527,20-29,1088,age,case
Kentucky,153800,8069,366,1527,30-39,1258,age,case
Kentucky,153800,8069,366,1527,40-49,1292,age,case
Kentucky,153800,8069,366,1527,50-59,1206,age,case
Kentucky,153800,8069,366,1527,60-69,969,age,case
Kentucky,153800,8069,366,1527,70-79,644,age,case
Kentucky,153800,8069,366,1527,80+,657,age,case
Kentucky,153800,8069,366,1527,UNKNOWN,574,age,case
Louisiana,278073,35038,2458,NA,0-18,618,age,case
Louisiana,278073,35038,2458,NA,18-29,4352,age,case
Louisiana,278073,35038,2458,NA,30-39,5588,age,case
Louisiana,278073,35038,2458,NA,40-49,5858,age,case
Louisiana,278073,35038,2458,NA,50-59,6538,age,case
Louisiana,278073,35038,2458,NA,60-69,5649,age,case
Louisiana,278073,35038,2458,NA,70+,6435,age,case
Maine,NA,1741,73,225,0-20,63,age,case
Maine,NA,1741,73,225,20-29,210,age,case
Maine,NA,1741,73,225,30-39,222,age,case
Maine,NA,1741,73,225,40-49,266,age,case
Maine,NA,1741,73,225,50-59,332,age,case
Maine,NA,1741,73,225,60-69,269,age,case
Maine,NA,1741,73,225,70-79,192,age,case
Maine,NA,1741,73,225,80+,187,age,case
Maryland,208658,41546,1963,7199,0-9,837,age,case
Maryland,208658,41546,1963,7199,10-19,1602,age,case
Maryland,208658,41546,1963,7199,20-29,5520,age,case
Maryland,208658,41546,1963,7199,30-39,7617,age,case
Maryland,208658,41546,1963,7199,40-49,7495,age,case
Maryland,208658,41546,1963,7199,50-59,6964,age,case
Maryland,208658,41546,1963,7199,60-69,5050,age,case
Maryland,208658,41546,1963,7199,70-79,3351,age,case
Maryland,208658,41546,1963,7199,80+,3110,age,case
Massachusetts,469199,87052,5862,8560,0-19,3554,age,case
Massachusetts,469199,87052,5862,8560,20-29,11185,age,case
Massachusetts,469199,87052,5862,8560,30-39,12898,age,case
Massachusetts,469199,87052,5862,8560,40-49,12536,age,case
Massachusetts,469199,87052,5862,8560,50-59,14021,age,case
Massachusetts,469199,87052,5862,8560,60-69,11544,age,case
Massachusetts,469199,87052,5862,8560,70-79,8072,age,case
Massachusetts,469199,87052,5862,8560,80+,12977,age,case
Massachusetts,469199,87052,5862,8560,UNKNOWN,265,age,case
Michigan,438565,52350,5017,NA,0-19,0.03,age,case
Michigan,438565,52350,5017,NA,20-29,0.11,age,case
Michigan,438565,52350,5017,NA,30-39,0.14,age,case
Michigan,438565,52350,5017,NA,40-49,0.16,age,case
Michigan,438565,52350,5017,NA,50-59,0.18,age,case
Michigan,438565,52350,5017,NA,60-69,0.16,age,case
Michigan,438565,52350,5017,NA,70-79,0.11,age,case
Michigan,438565,52350,5017,NA,80+,0.11,age,case
Michigan,438565,52350,5017,NA,UNKNOWN,0.01,age,case
Minnesota,NA,17029,748,1471,0-5,242,age,case
Minnesota,NA,17029,748,1471,6-19,1009,age,case
Minnesota,NA,17029,748,1471,20-29,3010,age,case
Minnesota,NA,17029,748,1471,30-39,3402,age,case
Minnesota,NA,17029,748,1471,40-49,2679,age,case
Minnesota,NA,17029,748,1471,50-59,2569,age,case
Minnesota,NA,17029,748,1471,60-69,1639,age,case
Minnesota,NA,17029,748,1471,70+,2471,age,case
Minnesota,NA,17029,748,1471,UNKNOWN,8,age,case
Mississippi,NA,11704,554,NA,0-17,598,age,case
Mississippi,NA,11704,554,NA,18-29,1949,age,case
Mississippi,NA,11704,554,NA,30-39,1821,age,case
Mississippi,NA,11704,554,NA,40-49,1982,age,case
Mississippi,NA,11704,554,NA,50-59,1864,age,case
Mississippi,NA,11704,554,NA,60-69,1542,age,case
Mississippi,NA,11704,554,NA,70-79,965,age,case
Mississippi,NA,11704,554,NA,80-89,676,age,case
Mississippi,NA,11704,554,NA,90+,295,age,case
Mississippi,NA,11704,554,NA,UNKNOWN,NA,age,case
Missouri,158296,11080,616,NA,0-20,384,age,case
Missouri,158296,11080,616,NA,20-24,658,age,case
Missouri,158296,11080,616,NA,25-29,786,age,case
Missouri,158296,11080,616,NA,30-34,759,age,case
Missouri,158296,11080,616,NA,35-39,739,age,case
Missouri,158296,11080,616,NA,40-44,785,age,case
Missouri,158296,11080,616,NA,45-49,897,age,case
Missouri,158296,11080,616,NA,50-54,944,age,case
Missouri,158296,11080,616,NA,55-59,1017,age,case
Missouri,158296,11080,616,NA,60-64,968,age,case
Missouri,158296,11080,616,NA,65-69,748,age,case
Missouri,158296,11080,616,NA,70-74,613,age,case
Missouri,158296,11080,616,NA,75-79,490,age,case
Missouri,158296,11080,616,NA,80+,1284,age,case
Missouri,158296,11080,616,NA,UNKNOWN,8,age,case
Montana,NA,471,16,65,0-9,3,age,case
Montana,NA,471,16,65,10-19,17,age,case
Montana,NA,471,16,65,20-29,92,age,case
Montana,NA,471,16,65,30-39,77,age,case
Montana,NA,471,16,65,40-49,67,age,case
Montana,NA,471,16,65,50-59,86,age,case
Montana,NA,471,16,65,60-69,74,age,case
Montana,NA,471,16,65,70-79,37,age,case
Montana,NA,471,16,65,80+,18,age,case
Nebraska,72333,10846,128,602,NA,NA,age,case
New Hampshire,NA,3160,1231,318,0-9,29,age,case
New Hampshire,NA,3160,1231,318,10-19,126,age,case
New Hampshire,NA,3160,1231,318,20-29,448,age,case
New Hampshire,NA,3160,1231,318,30-39,430,age,case
New Hampshire,NA,3160,1231,318,40-49,433,age,case
New Hampshire,NA,3160,1231,318,50-59,583,age,case
New Hampshire,NA,3160,1231,318,60-69,447,age,case
New Hampshire,NA,3160,1231,318,70-79,266,age,case
New Hampshire,NA,3160,1231,318,80+,396,age,case
New Hampshire,NA,3160,1231,318,UNKNOWN,NA,age,case
New Jersey,NA,149013,10586,15416,0-4,653,age,case
New Jersey,NA,149013,10586,15416,5-17,2687,age,case
New Jersey,NA,149013,10586,15416,18-29,18435,age,case
New Jersey,NA,149013,10586,15416,30-49,47669,age,case
New Jersey,NA,149013,10586,15416,50-64,43036,age,case
New Jersey,NA,149013,10586,15416,65-79,21670,age,case
New Jersey,NA,149013,10586,15416,80+,14575,age,case
New Jersey,NA,149013,10586,15416,UNKNOWN,NA,age,case
New Mexico,142246,6192,276,886,0-9,0.0414,age,case
New Mexico,142246,6192,276,886,10-19,0.0865,age,case
New Mexico,142246,6192,276,886,20-29,0.1554,age,case
New Mexico,142246,6192,276,886,30-39,0.1645,age,case
New Mexico,142246,6192,276,886,40-49,0.1553,age,case
New Mexico,142246,6192,276,886,50-59,0.1512,age,case
New Mexico,142246,6192,276,886,60-69,0.1223,age,case
New Mexico,142246,6192,276,886,70-79,0.057,age,case
New Mexico,142246,6192,276,886,80-89,0.0451,age,case
New Mexico,142246,6192,276,886,90+,0.0215,age,case
North Carolina,265008,19700,691,585,0-17,915,age,case
North Carolina,265008,19700,691,585,18-24,1715,age,case
North Carolina,265008,19700,691,585,25-49,8439,age,case
North Carolina,265008,19700,691,585,50-64,4754,age,case
North Carolina,265008,19700,691,585,65-75,1788,age,case
North Carolina,265008,19700,691,585,75+,2084,age,case
North Dakota,57731,1994,45,135,0-9,100,age,case
North Dakota,57731,1994,45,135,10-19,126,age,case
North Dakota,57731,1994,45,135,20-29,400,age,case
North Dakota,57731,1994,45,135,30-39,463,age,case
North Dakota,57731,1994,45,135,40-49,305,age,case
North Dakota,57731,1994,45,135,50-59,229,age,case
North Dakota,57731,1994,45,135,60-69,159,age,case
North Dakota,57731,1994,45,135,70-79,76,age,case
North Dakota,57731,1994,45,135,80+,136,age,case
Ohio,NA,28952,1720,5117,0-19,1091,age,case
Ohio,NA,28952,1720,5117,20-29,3828,age,case
Ohio,NA,28952,1720,5117,30-39,4648,age,case
Ohio,NA,28952,1720,5117,40-49,4605,age,case
Ohio,NA,28952,1720,5117,50-59,4901,age,case
Ohio,NA,28952,1720,5117,60-69,4033,age,case
Ohio,NA,28952,1720,5117,70-79,2622,age,case
Ohio,NA,28952,1720,5117,80+,3201,age,case
Ohio,NA,28952,1720,5117,UNKNOWN,23,age,case
Oklahoma,NA,5489,294,NA,0-4,63,age,case
Oklahoma,NA,5489,294,NA,5-17,185,age,case
Oklahoma,NA,5489,294,NA,18-35,1359,age,case
Oklahoma,NA,5489,294,NA,36-49,1224,age,case
Oklahoma,NA,5489,294,NA,50-64,1242,age,case
Oklahoma,NA,5489,294,NA,65+,1412,age,case
Oklahoma,NA,5489,294,NA,UNKNOWN,NA,age,case
Oregon,99630,3726,140,714,0-9,41,age,case
Oregon,99630,3726,140,714,10-19,134,age,case
Oregon,99630,3726,140,714,20-29,551,age,case
Oregon,99630,3726,140,714,30-39,633,age,case
Oregon,99630,3726,140,714,40-49,636,age,case
Oregon,99630,3726,140,714,50-59,654,age,case
Oregon,99630,3726,140,714,60-69,510,age,case
Oregon,99630,3726,140,714,70-79,329,age,case
Oregon,99630,3726,140,714,80+,228,age,case
Oregon,99630,3726,140,714,UNKNOWN,10,age,case
Pennsylvania,349700,63666,4624,1853,0-4,0.01,age,case
Pennsylvania,349700,63666,4624,1853,5-12,0.01,age,case
Pennsylvania,349700,63666,4624,1853,13-18,0.01,age,case
Pennsylvania,349700,63666,4624,1853,19-24,0.06,age,case
Pennsylvania,349700,63666,4624,1853,25-49,0.37,age,case
Pennsylvania,349700,63666,4624,1853,50-64,0.26,age,case
Pennsylvania,349700,63666,4624,1853,65+,0.29,age,case
Rhode Island,117246,12951,532,1464,0-9,178,age,case
Rhode Island,117246,12951,532,1464,10-19,418,age,case
Rhode Island,117246,12951,532,1464,20-29,1314,age,case
Rhode Island,117246,12951,532,1464,30-39,1486,age,case
Rhode Island,117246,12951,532,1464,40-49,1481,age,case
Rhode Island,117246,12951,532,1464,50-59,1642,age,case
Rhode Island,117246,12951,532,1464,60-69,1168,age,case
Rhode Island,117246,12951,532,1464,70-79,761,age,case
Rhode Island,117246,12951,532,1464,80-89,634,age,case
Rhode Island,117246,12951,532,1464,90-99,396,age,case
Rhode Island,117246,12951,532,1464,100+,27,age,case
Rhode Island,117246,12951,532,1464,PENDING,94,age,case
South Carolina,135063,9056,NA,1444,0-10,0,age,case
South Carolina,135063,9056,NA,1444,11-20,0,age,case
South Carolina,135063,9056,NA,1444,21-30,0,age,case
South Carolina,135063,9056,NA,1444,31-40,0,age,case
South Carolina,135063,9056,NA,1444,41-50,0,age,case
South Carolina,135063,9056,NA,1444,51-60,0,age,case
South Carolina,135063,9056,NA,1444,61-70,0,age,case
South Carolina,135063,9056,NA,1444,71-80,0,age,case
South Carolina,135063,9056,NA,1444,81+,0,age,case
South Carolina,135063,9056,NA,1444,UNKNOWN,NA,age,case
Tennessee,346123,18378,305,NA,0-10,501,age,case
Tennessee,346123,18378,305,NA,11-20,1279,age,case
Tennessee,346123,18378,305,NA,21-30,3651,age,case
Tennessee,346123,18378,305,NA,31-40,3572,age,case
Tennessee,346123,18378,305,NA,41-50,3191,age,case
Tennessee,346123,18378,305,NA,51-60,2745,age,case
Tennessee,346123,18378,305,NA,61-70,1658,age,case
Tennessee,346123,18378,305,NA,71-80,793,age,case
Tennessee,346123,18378,305,NA,81+,495,age,case
Tennessee,346123,18378,305,NA,UNKNOWN,493,age,case
Texas,744937,49912,1369,NA,0-1,37,age,case
Texas,744937,49912,1369,NA,1-9,168,age,case
Texas,744937,49912,1369,NA,10-19,432,age,case
Texas,744937,49912,1369,NA,20-29,2227,age,case
Texas,744937,49912,1369,NA,30-39,2601,age,case
Texas,744937,49912,1369,NA,40-49,2674,age,case
Texas,744937,49912,1369,NA,50-59,2619,age,case
Texas,744937,49912,1369,NA,60-64,1105,age,case
Texas,744937,49912,1369,NA,65-69,794,age,case
Texas,744937,49912,1369,NA,70-74,533,age,case
Texas,744937,49912,1369,NA,75-79,354,age,case
Texas,744937,49912,1369,NA,80+,640,age,case
Texas,744937,49912,1369,NA,UNKNOWN,124,age,case
Texas,744937,49912,1369,NA,PENDING,35604,age,case
Utah,177311,7518,88,619,0-1,34,age,case
Utah,177311,7518,88,619,1-14,393,age,case
Utah,177311,7518,88,619,15-24,1270,age,case
Utah,177311,7518,88,619,25-44,2942,age,case
Utah,177311,7518,88,619,45-64,2150,age,case
Utah,177311,7518,88,619,65-84,636,age,case
Utah,177311,7518,88,619,85+,89,age,case
Utah,177311,7518,88,619,UNKNOWN,4,age,case
Vermont,24591,944,54,NA,0-9,1,age,case
Vermont,24591,944,54,NA,10-19,27,age,case
Vermont,24591,944,54,NA,20-29,133,age,case
Vermont,24591,944,54,NA,30-39,140,age,case
Vermont,24591,944,54,NA,40-49,132,age,case
Vermont,24591,944,54,NA,50-59,189,age,case
Vermont,24591,944,54,NA,60-69,142,age,case
Vermont,24591,944,54,NA,70-79,95,age,case
Vermont,24591,944,54,NA,80+,85,age,case
Virginia,NA,32145,1041,3904,0-9,727,age,case
Virginia,NA,32145,1041,3904,10-19,1451,age,case
Virginia,NA,32145,1041,3904,20-29,4728,age,case
Virginia,NA,32145,1041,3904,30-39,5814,age,case
Virginia,NA,32145,1041,3904,40-49,5944,age,case
Virginia,NA,32145,1041,3904,50-59,5384,age,case
Virginia,NA,32145,1041,3904,60-69,3720,age,case
Virginia,NA,32145,1041,3904,70-79,1977,age,case
Virginia,NA,32145,1041,3904,80+,2235,age,case
Virginia,NA,32145,1041,3904,UNKNOWN,165,age,case
Washington,293120,18811,NA,NA,0-19,0.05,age,case
Washington,293120,18811,NA,NA,20-39,0.31,age,case
Washington,293120,18811,NA,NA,40-59,0.34,age,case
Washington,293120,18811,NA,NA,60-79,0.21,age,case
Washington,293120,18811,NA,NA,80+,0.09,age,case
Washington,293120,18811,NA,NA,UNKNOWN,0,age,case
Wisconsin,161122,12885,467,2110,0-10,234,age,case
Wisconsin,161122,12885,467,2110,10-19,653,age,case
Wisconsin,161122,12885,467,2110,20-29,2147,age,case
Wisconsin,161122,12885,467,2110,30-39,2261,age,case
Wisconsin,161122,12885,467,2110,40-49,2210,age,case
Wisconsin,161122,12885,467,2110,50-59,2102,age,case
Wisconsin,161122,12885,467,2110,60-69,1564,age,case
Wisconsin,161122,12885,467,2110,70-79,872,age,case
Wisconsin,161122,12885,467,2110,80-89,567,age,case
Wisconsin,161122,12885,467,2110,90+,275,age,case
Alabama,NA,12631,509,1480,ASIAN,73,race,case
Alabama,NA,12631,509,1480,BLACK,5051,race,case
Alabama,NA,12631,509,1480,OTHER,500,race,case
Alabama,NA,12631,509,1480,UNKNOWN,1715,race,case
Alabama,NA,12631,509,1480,WHITE,5292,race,case
Alaska,36380,399,10,43,AI/AN,30,race,case
Alaska,36380,399,10,43,ASIAN,46,race,case
Alaska,36380,399,10,43,BLACK,9,race,case
Alaska,36380,399,10,43,MULTI,15,race,case
Alaska,36380,399,10,43,NH/PI,14,race,case
Alaska,36380,399,10,43,OTHER,12,race,case
Alaska,36380,399,10,43,UNKNOWN,14,race,case
Alaska,36380,399,10,43,WHITE,259,race,case
Arizona,220612,14566,704,NA,AI/AN,1721,race,case
Arizona,220612,14566,704,NA,ASIAN,157,race,case
Arizona,220612,14566,704,NA,BLACK,464,race,case
Arizona,220612,14566,704,NA,MULTI,0,race,case
Arizona,220612,14566,704,NA,OTHER,299,race,case
Arizona,220612,14566,704,NA,UNKNOWN,6066,race,case
Arizona,220612,14566,704,NA,WHITE,3162,race,case
Arkansas,105807,4923,102,535,AI,13,race,case
Arkansas,105807,4923,102,535,ASIAN,55,race,case
Arkansas,105807,4923,102,535,BLACK,1796,race,case
Arkansas,105807,4923,102,535,HISPANIC,278,race,case
Arkansas,105807,4923,102,535,MULTI,35,race,case
Arkansas,105807,4923,102,535,OTHER,187,race,case
Arkansas,105807,4923,102,535,PI,92,race,case
Arkansas,105807,4923,102,535,UNKNOWN,268,race,case
Arkansas,105807,4923,102,535,WHITE,2367,race,case
California,NA,81795,3250,NA,AI/AN,111,race,case
California,NA,81795,3250,NA,ASIAN,6003,race,case
California,NA,81795,3250,NA,BLACK,3334,race,case
California,NA,81795,3250,NA,HISPANIC,30391,race,case
California,NA,81795,3250,NA,MULTI,504,race,case
California,NA,81795,3250,NA,NH/PI,542,race,case
California,NA,81795,3250,NA,OTHER,2984,race,case
California,NA,81795,3250,NA,PENDING,24966,race,case
California,NA,81795,3250,NA,WHITE,12960,race,case
Colorado,NA,20304,1001,NA,HISPANIC,0.3554,race,case
Colorado,NA,20304,1001,NA,NH AI/AN,0.0044,race,case
Colorado,NA,20304,1001,NA,NH ASIAN,0.0278,race,case
Colorado,NA,20304,1001,NA,NH BLACK,0.0613,race,case
Colorado,NA,20304,1001,NA,NH MULTI,0.0073,race,case
Colorado,NA,20304,1001,NA,NH NH/PI,0.004,race,case
Colorado,NA,20304,1001,NA,NH WHITE,0.3584,race,case
Colorado,NA,20304,1001,NA,OTHER,0.0093,race,case
Colorado,NA,20304,1001,NA,UNKNOWN,0.172,race,case
Connecticut,185520,38430,3472,NA,HISPANIC,6669,race,case
Connecticut,185520,38430,3472,NA,NH AI/AN,38,race,case
Connecticut,185520,38430,3472,NA,NH ASIAN/PI,561,race,case
Connecticut,185520,38430,3472,NA,NH BLACK,4788,race,case
Connecticut,185520,38430,3472,NA,NH MULTI,66,race,case
Connecticut,185520,38430,3472,NA,NH OTHER,193,race,case
Connecticut,185520,38430,3472,NA,NH WHITE,12185,race,case
Connecticut,185520,38430,3472,NA,UNKNOWN,13930,race,case
Delaware,44132,8037,304,NA,ASIAN/PI,117,race,case
Delaware,44132,8037,304,NA,HISPANIC,2221,race,case
Delaware,44132,8037,304,NA,MULTI,421,race,case
Delaware,44132,8037,304,NA,NH BLACK,2168,race,case
Delaware,44132,8037,304,NA,NH WHITE,2260,race,case
Delaware,44132,8037,304,NA,UNKNOWN,850,race,case
Florida,717162,45684,2052,NA,AI/AN,0,race,case
Florida,717162,45684,2052,NA,ASIAN,0,race,case
Florida,717162,45684,2052,NA,BLACK,9384,race,case
Florida,717162,45684,2052,NA,MULTI,0,race,case
Florida,717162,45684,2052,NA,OTHER,4152,race,case
Florida,717162,45684,2052,NA,UNKNOWN,6986,race,case
Florida,717162,45684,2052,NA,WHITE,25162,race,case
Georgia,NA,38855,1675,7076,AI/AN,48,race,case
Georgia,NA,38855,1675,7076,ASIAN,567,race,case
Georgia,NA,38855,1675,7076,BLACK,13493,race,case
Georgia,NA,38855,1675,7076,NH/PI,25,race,case
Georgia,NA,38855,1675,7076,OTHER,2337,race,case
Georgia,NA,38855,1675,7076,UNKNOWN,10403,race,case
Georgia,NA,38855,1675,7076,WHITE,11982,race,case
Illinois,621684,98030,4379,NA,AI/AN,169,race,case
Illinois,621684,98030,4379,NA,ASIAN,2946,race,case
Illinois,621684,98030,4379,NA,BLACK,17168,race,case
Illinois,621684,98030,4379,NA,HISPANIC,29493,race,case
Illinois,621684,98030,4379,NA,NH/PI,255,race,case
Illinois,621684,98030,4379,NA,OTHER,3742,race,case
Illinois,621684,98030,4379,NA,UNKNOWN,24337,race,case
Illinois,621684,98030,4379,NA,WHITE,19920,race,case
Indiana,189330,28705,1678,NA,ASIAN,423,race,case
Indiana,189330,28705,1678,NA,BLACK,4142,race,case
Indiana,189330,28705,1678,NA,OTHER,4949,race,case
Indiana,189330,28705,1678,NA,UNKNOWN,5828,race,case
Indiana,189330,28705,1678,NA,WHITE,13363,race,case
Iowa,109275,15447,380,NA,AI/AN,0,race,case
Iowa,109275,15447,380,NA,ASIAN,0,race,case
Iowa,109275,15447,380,NA,BLACK,0,race,case
Iowa,109275,15447,380,NA,MULTI,0,race,case
Iowa,109275,15447,380,NA,OTHER,0,race,case
Iowa,109275,15447,380,NA,PI,0,race,case
Iowa,109275,15447,380,NA,UNKNOWN,0,race,case
Iowa,109275,15447,380,NA,WHITE,0,race,case
Kansas,NA,8340,173,740,AI/AN,27,race,case
Kansas,NA,8340,173,740,ASIAN,486,race,case
Kansas,NA,8340,173,740,BLACK,863,race,case
Kansas,NA,8340,173,740,OTHER,191,race,case
Kansas,NA,8340,173,740,UNKNOWN,1825,race,case
Kansas,NA,8340,173,740,WHITE,4948,race,case
Kentucky,153800,8069,366,1527,AI/AN,7e-4,race,case
Kentucky,153800,8069,366,1527,ASIAN,0.0587,race,case
Kentucky,153800,8069,366,1527,BLACK,0.1479,race,case
Kentucky,153800,8069,366,1527,MULTI,0.0526,race,case
Kentucky,153800,8069,366,1527,NH,9e-4,race,case
Kentucky,153800,8069,366,1527,WHITE,0.7392,race,case
Louisiana,278073,35038,2458,NA,NA,NA,race,case
Maine,NA,1741,73,225,AI/AN,2,race,case
Maine,NA,1741,73,225,ASIAN/PI,22,race,case
Maine,NA,1741,73,225,BLACK,140,race,case
Maine,NA,1741,73,225,MULTI,3,race,case
Maine,NA,1741,73,225,OTHER,37,race,case
Maine,NA,1741,73,225,UNKNOWN,331,race,case
Maine,NA,1741,73,225,WHITE,980,race,case
Maryland,208658,41546,1963,7199,HISPANIC,9525,race,case
Maryland,208658,41546,1963,7199,NH ASIAN,787,race,case
Maryland,208658,41546,1963,7199,NH BLACK,12454,race,case
Maryland,208658,41546,1963,7199,NH OTHER,2007,race,case
Maryland,208658,41546,1963,7199,NH WHITE,8365,race,case
Maryland,208658,41546,1963,7199,UNKNOWN,8408,race,case
Massachusetts,469199,87052,5862,8560,HISPANIC,14758,race,case
Massachusetts,469199,87052,5862,8560,NH ASIAN,1588,race,case
Massachusetts,469199,87052,5862,8560,NH BLACK,7522,race,case
Massachusetts,469199,87052,5862,8560,NH OTHER,3667,race,case
Massachusetts,469199,87052,5862,8560,NH WHITE,22022,race,case
Massachusetts,469199,87052,5862,8560,UNKNOWN,37495,race,case
Michigan,438565,52350,5017,NA,AI/AN,0.01,race,case
Michigan,438565,52350,5017,NA,ASIAN/PI,0.02,race,case
Michigan,438565,52350,5017,NA,BLACK,0.31,race,case
Michigan,438565,52350,5017,NA,MULTI,0.08,race,case
Michigan,438565,52350,5017,NA,OTHER,0.05,race,case
Michigan,438565,52350,5017,NA,UNKNOWN,0.18,race,case
Michigan,438565,52350,5017,NA,WHITE,0.36,race,case
Minnesota,NA,17029,748,1471,AI,117,race,case
Minnesota,NA,17029,748,1471,ASIAN,689,race,case
Minnesota,NA,17029,748,1471,BLACK,3709,race,case
Minnesota,NA,17029,748,1471,MULTI,295,race,case
Minnesota,NA,17029,748,1471,OTHER,1702,race,case
Minnesota,NA,17029,748,1471,PI,21,race,case
Minnesota,NA,17029,748,1471,UNKNOWN,4783,race,case
Minnesota,NA,17029,748,1471,WHITE,5713,race,case
Mississippi,NA,11704,554,NA,AI/AN,129,race,case
Mississippi,NA,11704,554,NA,ASIAN,39,race,case
Mississippi,NA,11704,554,NA,BLACK,5804,race,case
Mississippi,NA,11704,554,NA,MULTI,0,race,case
Mississippi,NA,11704,554,NA,OTHER,114,race,case
Mississippi,NA,11704,554,NA,UNKNOWN,499,race,case
Mississippi,NA,11704,554,NA,WHITE,3187,race,case
Missouri,158296,11080,616,NA,NA,NA,race,case
Montana,NA,471,16,65,AI/AN/NH/PI,29,race,case
Montana,NA,471,16,65,ASIAN,1,race,case
Montana,NA,471,16,65,BLACK,2,race,case
Montana,NA,471,16,65,OTHER,5,race,case
Montana,NA,471,16,65,PENDING,5,race,case
Montana,NA,471,16,65,WHITE,429,race,case
Nebraska,72333,10846,128,602,NA,NA,race,case
New Hampshire,NA,3160,1231,318,AI/AN,0,race,case
New Hampshire,NA,3160,1231,318,ASIAN,70,race,case
New Hampshire,NA,3160,1231,318,BLACK,131,race,case
New Hampshire,NA,3160,1231,318,MULTI,0,race,case
New Hampshire,NA,3160,1231,318,OTHER,206,race,case
New Hampshire,NA,3160,1231,318,UNKNOWN,0,race,case
New Hampshire,NA,3160,1231,318,WHITE,1685,race,case
New Jersey,NA,149013,10586,15416,AI/AN,0,race,case
New Jersey,NA,149013,10586,15416,ASIAN,3925,race,case
New Jersey,NA,149013,10586,15416,BLACK,13871,race,case
New Jersey,NA,149013,10586,15416,MULTI,0,race,case
New Jersey,NA,149013,10586,15416,OTHER,8779,race,case
New Jersey,NA,149013,10586,15416,UNKNOWN,0,race,case
New Jersey,NA,149013,10586,15416,WHITE,28389,race,case
New Mexico,142246,6192,276,886,AI/AN,0.5847,race,case
New Mexico,142246,6192,276,886,ASIAN,0.0074,race,case
New Mexico,142246,6192,276,886,BLACK,0.0276,race,case
New Mexico,142246,6192,276,886,HISPANIC,0.2204,race,case
New Mexico,142246,6192,276,886,UNKNOWN,0.0288,race,case
New Mexico,142246,6192,276,886,WHITE,0.1257,race,case
North Carolina,265008,19700,691,585,AI/AN,147,race,case
North Carolina,265008,19700,691,585,ASIAN,404,race,case
North Carolina,265008,19700,691,585,BLACK,4738,race,case
North Carolina,265008,19700,691,585,MULTI,0,race,case
North Carolina,265008,19700,691,585,OTHER,1443,race,case
North Carolina,265008,19700,691,585,UNKNOWN,0,race,case
North Carolina,265008,19700,691,585,WHITE,7859,race,case
North Dakota,57731,1994,45,135,NA,NA,race,case
Ohio,NA,28952,1720,5117,NA,NA,race,case
Oklahoma,NA,5489,294,NA,AI/AN,341,race,case
Oklahoma,NA,5489,294,NA,ASIAN,141,race,case
Oklahoma,NA,5489,294,NA,BLACK,476,race,case
Oklahoma,NA,5489,294,NA,MULTI,0,race,case
Oklahoma,NA,5489,294,NA,OTHER,216,race,case
Oklahoma,NA,5489,294,NA,UNKNOWN,703,race,case
Oklahoma,NA,5489,294,NA,WHITE,3612,race,case
Oregon,99630,3726,140,714,NA,NA,race,case
Pennsylvania,349700,63666,4624,1853,ASIAN,812,race,case
Pennsylvania,349700,63666,4624,1853,BLACK,7522,race,case
Pennsylvania,349700,63666,4624,1853,OTHER,342,race,case
Pennsylvania,349700,63666,4624,1853,UNKNOWN,38603,race,case
Pennsylvania,349700,63666,4624,1853,WHITE,16387,race,case
Rhode Island,117246,12951,532,1464,HISPANIC,2325,race,case
Rhode Island,117246,12951,532,1464,NH BLACK,701,race,case
Rhode Island,117246,12951,532,1464,NH MULTI,24,race,case
Rhode Island,117246,12951,532,1464,NH OTHER,209,race,case
Rhode Island,117246,12951,532,1464,NH WHITE,2031,race,case
Rhode Island,117246,12951,532,1464,PENDING,2862,race,case
Rhode Island,117246,12951,532,1464,UNKNOWN,1447,race,case
South Carolina,135063,9056,NA,1444,ASIAN,0,race,case
South Carolina,135063,9056,NA,1444,BLACK,0,race,case
South Carolina,135063,9056,NA,1444,OTHER,0,race,case
South Carolina,135063,9056,NA,1444,UNKNOWN,0,race,case
South Carolina,135063,9056,NA,1444,WHITE,0,race,case
Tennessee,346123,18378,305,NA,AI/AN,0,race,case
Tennessee,346123,18378,305,NA,ASIAN,368,race,case
Tennessee,346123,18378,305,NA,BLACK,3810,race,case
Tennessee,346123,18378,305,NA,MULTI,0,race,case
Tennessee,346123,18378,305,NA,OTHER,1650,race,case
Tennessee,346123,18378,305,NA,UNKNOWN,5292,race,case
Tennessee,346123,18378,305,NA,WHITE,7258,race,case
Texas,744937,49912,1369,NA,ASIAN,491,race,case
Texas,744937,49912,1369,NA,BLACK,2181,race,case
Texas,744937,49912,1369,NA,HISPANIC,5686,race,case
Texas,744937,49912,1369,NA,OTHER,96,race,case
Texas,744937,49912,1369,NA,PENDING,35604,race,case
Texas,744937,49912,1369,NA,UNKNOWN,1893,race,case
Texas,744937,49912,1369,NA,WHITE,3961,race,case
Utah,177311,7518,88,619,AI/AN,277,race,case
Utah,177311,7518,88,619,ASIAN,182,race,case
Utah,177311,7518,88,619,BLACK,238,race,case
Utah,177311,7518,88,619,HISPANIC,2860,race,case
Utah,177311,7518,88,619,NH WHITE,2936,race,case
Utah,177311,7518,88,619,NH/PI,260,race,case
Utah,177311,7518,88,619,OTHER,821,race,case
Utah,177311,7518,88,619,UNKNOWN,711,race,case
Vermont,24591,944,54,NA,AI/AN,1,race,case
Vermont,24591,944,54,NA,ASIAN,11,race,case
Vermont,24591,944,54,NA,BLACK,27,race,case
Vermont,24591,944,54,NA,OTHER,12,race,case
Vermont,24591,944,54,NA,UNKNOWN,33,race,case
Vermont,24591,944,54,NA,WHITE,860,race,case
Virginia,NA,32145,1041,3904,BLACK,4976,race,case
Virginia,NA,32145,1041,3904,OTHER,6811,race,case
Virginia,NA,32145,1041,3904,UNKNOWN,9873,race,case
Virginia,NA,32145,1041,3904,WHITE,10485,race,case
Washington,293120,18811,NA,NA,HISPANIC,4595,race,case
Washington,293120,18811,NA,NA,NH AI/AN,169,race,case
Washington,293120,18811,NA,NA,NH ASIAN,1018,race,case
Washington,293120,18811,NA,NA,NH BLACK,878,race,case
Washington,293120,18811,NA,NA,NH MULTI,234,race,case
Washington,293120,18811,NA,NA,NH NH/PI,261,race,case
Washington,293120,18811,NA,NA,NH OTHER,246,race,case
Washington,293120,18811,NA,NA,NH WHITE,5490,race,case
Washington,293120,18811,NA,NA,UNKNOWN,5920,race,case
Wisconsin,161122,12885,467,2110,AI,148,race,case
Wisconsin,161122,12885,467,2110,ASIAN/PI,488,race,case
Wisconsin,161122,12885,467,2110,BLACK,2587,race,case
Wisconsin,161122,12885,467,2110,MULTI/OTHERS,1415,race,case
Wisconsin,161122,12885,467,2110,UNKNOWN,1319,race,case
Wisconsin,161122,12885,467,2110,WHITE,6928,race,case
Alabama,NA,12631,509,1480,FEMALE,7309,sex,case
Alabama,NA,12631,509,1480,MALE,5215,sex,case
Alabama,NA,12631,509,1480,UNKNOWN/OTHER,107,sex,case
Alaska,36380,399,10,43,FEMALE,196,sex,case
Alaska,36380,399,10,43,MALE,203,sex,case
Alaska,36380,399,10,43,UNKNOWN/OTHER,0,sex,case
Arizona,220612,14566,704,NA,FEMALE,7656,sex,case
Arizona,220612,14566,704,NA,MALE,6880,sex,case
Arizona,220612,14566,704,NA,UNKNOWN/OTHER,0,sex,case
Arkansas,105807,4923,102,535,FEMALE,0.38,sex,case
Arkansas,105807,4923,102,535,MALE,0.612,sex,case
California,NA,81795,3250,NA,NA,NA,sex,case
Colorado,NA,20304,1001,NA,FEMALE,0.5059,sex,case
Colorado,NA,20304,1001,NA,MALE,0.4846,sex,case
Colorado,NA,20304,1001,NA,UNKNOWN/OTHER,0.0096,sex,case
Connecticut,185520,38430,3472,NA,FEMALE,21019,sex,case
Connecticut,185520,38430,3472,NA,MALE,17231,sex,case
Delaware,44132,8037,304,NA,FEMALE,4407,sex,case
Delaware,44132,8037,304,NA,MALE,3602,sex,case
Delaware,44132,8037,304,NA,UNKNOWN/OTHER,28,sex,case
Florida,717162,45684,2052,NA,FEMALE,23239,sex,case
Florida,717162,45684,2052,NA,MALE,22445,sex,case
Florida,717162,45684,2052,NA,UNKNOWN/OTHER,0,sex,case
Georgia,NA,38855,1675,7076,NA,NA,sex,case
Illinois,621684,98030,4379,NA,FEMALE,49307,sex,case
Illinois,621684,98030,4379,NA,MALE,46618,sex,case
Illinois,621684,98030,4379,NA,UNKNOWN/OTHER,2105,sex,case
Indiana,189330,28705,1678,NA,FEMALE,14754,sex,case
Indiana,189330,28705,1678,NA,MALE,13235,sex,case
Indiana,189330,28705,1678,NA,UNKNOWN/OTHER,716,sex,case
Iowa,109275,15447,380,NA,FEMALE,0,sex,case
Iowa,109275,15447,380,NA,MALE,0,sex,case
Iowa,109275,15447,380,NA,UNKNOWN/OTHER,0,sex,case
Kansas,NA,8340,173,740,FEMALE,3482,sex,case
Kansas,NA,8340,173,740,MALE,4651,sex,case
Kansas,NA,8340,173,740,UNKNOWN/OTHER,207,sex,case
Kentucky,153800,8069,366,1527,FEMALE,3956,sex,case
Kentucky,153800,8069,366,1527,MALE,3853,sex,case
Kentucky,153800,8069,366,1527,UNKNOWN/OTHER,260,sex,case
Louisiana,278073,35038,2458,NA,FEMALE,0.55,sex,case
Louisiana,278073,35038,2458,NA,MALE,0.4,sex,case
Louisiana,278073,35038,2458,NA,UNKNOWN/OTHER,0.05,sex,case
Maine,NA,1741,73,225,FEMALE,908,sex,case
Maine,NA,1741,73,225,MALE,833,sex,case
Maine,NA,1741,73,225,UNKNOWN/OTHER,0,sex,case
Maryland,208658,41546,1963,7199,FEMALE,21686,sex,case
Maryland,208658,41546,1963,7199,MALE,19860,sex,case
Massachusetts,469199,87052,5862,8560,FEMALE,47429,sex,case
Massachusetts,469199,87052,5862,8560,MALE,38246,sex,case
Massachusetts,469199,87052,5862,8560,UNKNOWN/OTHER,1377,sex,case
Michigan,438565,52350,5017,NA,FEMALE,0.53,sex,case
Michigan,438565,52350,5017,NA,MALE,0.47,sex,case
Michigan,438565,52350,5017,NA,UNKNOWN/OTHER,0.01,sex,case
Minnesota,NA,17029,748,1471,FEMALE,8440,sex,case
Minnesota,NA,17029,748,1471,MALE,8240,sex,case
Minnesota,NA,17029,748,1471,UNKNOWN/OTHER,343,sex,case
Mississippi,NA,11704,554,NA,FEMALE,5909,sex,case
Mississippi,NA,11704,554,NA,MALE,4002,sex,case
Mississippi,NA,11704,554,NA,UNKNOWN/OTHER,0,sex,case
Missouri,158296,11080,616,NA,FEMALE,5981,sex,case
Missouri,158296,11080,616,NA,MALE,5031,sex,case
Missouri,158296,11080,616,NA,UNKNOWN/OTHER,68,sex,case
Montana,NA,471,16,65,FEMALE,244,sex,case
Montana,NA,471,16,65,MALE,227,sex,case
Nebraska,72333,10846,128,602,NA,NA,sex,case
New Hampshire,NA,3160,1231,318,FEMALE,1742,sex,case
New Hampshire,NA,3160,1231,318,MALE,1407,sex,case
New Hampshire,NA,3160,1231,318,UNKNOWN/OTHER,0,sex,case
New Jersey,NA,149013,10586,15416,FEMALE,74322,sex,case
New Jersey,NA,149013,10586,15416,MALE,74019,sex,case
New Jersey,NA,149013,10586,15416,UNKNOWN/OTHER,672,sex,case
New Mexico,142246,6192,276,886,FEMALE,0.5358,sex,case
New Mexico,142246,6192,276,886,MALE,0.4642,sex,case
North Carolina,265008,19700,691,585,NA,NA,sex,case
North Dakota,57731,1994,45,135,FEMALE,1032,sex,case
North Dakota,57731,1994,45,135,MALE,962,sex,case
Ohio,NA,28952,1720,5117,FEMALE,13345,sex,case
Ohio,NA,28952,1720,5117,MALE,15417,sex,case
Ohio,NA,28952,1720,5117,UNKNOWN/OTHER,190,sex,case
Oklahoma,NA,5489,294,NA,NA,NA,sex,case
Oregon,99630,3726,140,714,FEMALE,1963,sex,case
Oregon,99630,3726,140,714,MALE,1759,sex,case
Oregon,99630,3726,140,714,UNKNOWN/OTHER,4,sex,case
Pennsylvania,349700,63666,4624,1853,FEMALE,34914,sex,case
Pennsylvania,349700,63666,4624,1853,MALE,28068,sex,case
Pennsylvania,349700,63666,4624,1853,UNKNOWN/OTHER,684,sex,case
Rhode Island,117246,12951,532,1464,FEMALE,5201,sex,case
Rhode Island,117246,12951,532,1464,MALE,4243,sex,case
Rhode Island,117246,12951,532,1464,PENDING,155,sex,case
South Carolina,135063,9056,NA,1444,FEMALE,0,sex,case
South Carolina,135063,9056,NA,1444,MALE,0,sex,case
South Carolina,135063,9056,NA,1444,UNKNOWN/OTHER,0,sex,case
Tennessee,346123,18378,305,NA,FEMALE,7597,sex,case
Tennessee,346123,18378,305,NA,MALE,9873,sex,case
Tennessee,346123,18378,305,NA,UNKNOWN/OTHER,908,sex,case
Texas,744937,49912,1369,NA,FEMALE,6591,sex,case
Texas,744937,49912,1369,NA,MALE,7437,sex,case
Texas,744937,49912,1369,NA,PENDING,35604,sex,case
Texas,744937,49912,1369,NA,UNKNOWN/OTHER,280,sex,case
Utah,177311,7518,88,619,FEMALE,3566,sex,case
Utah,177311,7518,88,619,MALE,3941,sex,case
Vermont,24591,944,54,NA,FEMALE,495,sex,case
Vermont,24591,944,54,NA,MALE,445,sex,case
Vermont,24591,944,54,NA,UNKNOWN/OTHER,4,sex,case
Virginia,NA,32145,1041,3904,FEMALE,16059,sex,case
Virginia,NA,32145,1041,3904,MALE,15880,sex,case
Virginia,NA,32145,1041,3904,UNKNOWN/OTHER,206,sex,case
Washington,293120,18811,NA,NA,FEMALE,0.52,sex,case
Washington,293120,18811,NA,NA,MALE,0.46,sex,case
Washington,293120,18811,NA,NA,UNKNOWN/OTHER,0.02,sex,case
Wisconsin,161122,12885,467,2110,FEMALE,0.51,sex,case
Wisconsin,161122,12885,467,2110,MALE,0.49,sex,case
Wisconsin,161122,12885,467,2110,UNKNOWN/OTHER,0,sex,case
Alabama,NA,12631,509,1480,65+,412,age,death
Alabama,NA,12631,509,1480,50-64,84,age,death
Alabama,NA,12631,509,1480,25-49,13,age,death
Alaska,36380,399,10,43,0-10,0,age,death
Alaska,36380,399,10,43,10-19,0,age,death
Alaska,36380,399,10,43,20-29,0,age,death
Alaska,36380,399,10,43,30-39,2,age,death
Alaska,36380,399,10,43,40-49,0,age,death
Alaska,36380,399,10,43,50-59,1,age,death
Alaska,36380,399,10,43,60-69,1,age,death
Alaska,36380,399,10,43,70-79,5,age,death
Alaska,36380,399,10,43,80+,1,age,death
Alaska,36380,399,10,43,UNKNOWN,0,age,death
Arizona,220612,14566,704,NA,0-19,1,age,death
Arizona,220612,14566,704,NA,20-44,28,age,death
Arizona,220612,14566,704,NA,45-54,36,age,death
Arizona,220612,14566,704,NA,55-64,79,age,death
Arizona,220612,14566,704,NA,65+,560,age,death
Arizona,220612,14566,704,NA,UNKNOWN,0,age,death
Arkansas,105807,4923,102,535,NA,NA,age,death
California,NA,81795,3250,NA,0-17,0,age,death
California,NA,81795,3250,NA,18-49,32,age,death
California,NA,81795,3250,NA,50-64,158,age,death
California,NA,81795,3250,NA,65+,483,age,death
Colorado,NA,20304,1001,NA,10-19,2,age,death
Colorado,NA,20304,1001,NA,20-29,7,age,death
Colorado,NA,20304,1001,NA,30-39,7,age,death
Colorado,NA,20304,1001,NA,40-49,31,age,death
Colorado,NA,20304,1001,NA,50-59,66,age,death
Colorado,NA,20304,1001,NA,60-69,167,age,death
Colorado,NA,20304,1001,NA,70-79,290,age,death
Colorado,NA,20304,1001,NA,80+,687,age,death
Connecticut,185520,38430,3472,NA,0-9,1,age,death
Connecticut,185520,38430,3472,NA,10-19,1,age,death
Connecticut,185520,38430,3472,NA,20-29,4,age,death
Connecticut,185520,38430,3472,NA,30-39,20,age,death
Connecticut,185520,38430,3472,NA,40-49,51,age,death
Connecticut,185520,38430,3472,NA,50-59,143,age,death
Connecticut,185520,38430,3472,NA,60-69,433,age,death
Connecticut,185520,38430,3472,NA,70-79,749,age,death
Connecticut,185520,38430,3472,NA,80+,2068,age,death
Delaware,44132,8037,304,NA,0-4,0,age,death
Delaware,44132,8037,304,NA,5-17,0,age,death
Delaware,44132,8037,304,NA,18-34,8,age,death
Delaware,44132,8037,304,NA,35-49,8,age,death
Delaware,44132,8037,304,NA,50-64,46,age,death
Delaware,44132,8037,304,NA,65+,242,age,death
Florida,717162,45684,2052,NA,0-4,0,age,death
Florida,717162,45684,2052,NA,5-14,0,age,death
Florida,717162,45684,2052,NA,15-24,0,age,death
Florida,717162,45684,2052,NA,25-34,13,age,death
Florida,717162,45684,2052,NA,35-44,33,age,death
Florida,717162,45684,2052,NA,45-54,77,age,death
Florida,717162,45684,2052,NA,55-64,190,age,death
Florida,717162,45684,2052,NA,65-74,449,age,death
Florida,717162,45684,2052,NA,75-84,617,age,death
Florida,717162,45684,2052,NA,85+,673,age,death
Florida,717162,45684,2052,NA,UNKNOWN,0,age,death
Georgia,NA,38855,1675,7076,.,1,age,death
Georgia,NA,38855,1675,7076,22,2,age,death
Georgia,NA,38855,1675,7076,25,1,age,death
Georgia,NA,38855,1675,7076,26,2,age,death
Georgia,NA,38855,1675,7076,27,1,age,death
Georgia,NA,38855,1675,7076,28,1,age,death
Georgia,NA,38855,1675,7076,29,3,age,death
Georgia,NA,38855,1675,7076,30,2,age,death
Georgia,NA,38855,1675,7076,31,4,age,death
Georgia,NA,38855,1675,7076,32,2,age,death
Georgia,NA,38855,1675,7076,33,6,age,death
Georgia,NA,38855,1675,7076,34,6,age,death
Georgia,NA,38855,1675,7076,35,1,age,death
Georgia,NA,38855,1675,7076,36,3,age,death
Georgia,NA,38855,1675,7076,37,2,age,death
Georgia,NA,38855,1675,7076,38,2,age,death
Georgia,NA,38855,1675,7076,39,1,age,death
Georgia,NA,38855,1675,7076,40,2,age,death
Georgia,NA,38855,1675,7076,42,3,age,death
Georgia,NA,38855,1675,7076,43,4,age,death
Georgia,NA,38855,1675,7076,44,7,age,death
Georgia,NA,38855,1675,7076,45,8,age,death
Georgia,NA,38855,1675,7076,46,7,age,death
Georgia,NA,38855,1675,7076,47,3,age,death
Georgia,NA,38855,1675,7076,48,13,age,death
Georgia,NA,38855,1675,7076,49,13,age,death
Georgia,NA,38855,1675,7076,50,9,age,death
Georgia,NA,38855,1675,7076,51,6,age,death
Georgia,NA,38855,1675,7076,52,6,age,death
Georgia,NA,38855,1675,7076,53,16,age,death
Georgia,NA,38855,1675,7076,54,15,age,death
Georgia,NA,38855,1675,7076,55,12,age,death
Georgia,NA,38855,1675,7076,56,19,age,death
Georgia,NA,38855,1675,7076,57,14,age,death
Georgia,NA,38855,1675,7076,58,22,age,death
Georgia,NA,38855,1675,7076,59,19,age,death
Georgia,NA,38855,1675,7076,60,20,age,death
Georgia,NA,38855,1675,7076,61,27,age,death
Georgia,NA,38855,1675,7076,62,30,age,death
Georgia,NA,38855,1675,7076,63,41,age,death
Georgia,NA,38855,1675,7076,64,27,age,death
Georgia,NA,38855,1675,7076,65,42,age,death
Georgia,NA,38855,1675,7076,66,39,age,death
Georgia,NA,38855,1675,7076,67,35,age,death
Georgia,NA,38855,1675,7076,68,45,age,death
Georgia,NA,38855,1675,7076,69,30,age,death
Georgia,NA,38855,1675,7076,70,44,age,death
Georgia,NA,38855,1675,7076,71,46,age,death
Georgia,NA,38855,1675,7076,72,28,age,death
Georgia,NA,38855,1675,7076,73,55,age,death
Georgia,NA,38855,1675,7076,74,47,age,death
Georgia,NA,38855,1675,7076,75,53,age,death
Georgia,NA,38855,1675,7076,76,42,age,death
Georgia,NA,38855,1675,7076,77,44,age,death
Georgia,NA,38855,1675,7076,78,52,age,death
Georgia,NA,38855,1675,7076,79,52,age,death
Georgia,NA,38855,1675,7076,80,35,age,death
Georgia,NA,38855,1675,7076,81,50,age,death
Georgia,NA,38855,1675,7076,82,47,age,death
Georgia,NA,38855,1675,7076,83,53,age,death
Georgia,NA,38855,1675,7076,84,53,age,death
Georgia,NA,38855,1675,7076,85,58,age,death
Georgia,NA,38855,1675,7076,86,29,age,death
Georgia,NA,38855,1675,7076,87,41,age,death
Georgia,NA,38855,1675,7076,88,30,age,death
Georgia,NA,38855,1675,7076,89,41,age,death
Georgia,NA,38855,1675,7076,90+,201,age,death
Illinois,621684,98030,4379,NA,0-20,3,age,death
Illinois,621684,98030,4379,NA,20-29,18,age,death
Illinois,621684,98030,4379,NA,30-39,66,age,death
Illinois,621684,98030,4379,NA,40-49,146,age,death
Illinois,621684,98030,4379,NA,50-59,372,age,death
Illinois,621684,98030,4379,NA,60-69,765,age,death
Illinois,621684,98030,4379,NA,70-79,1069,age,death
Illinois,621684,98030,4379,NA,80+,1940,age,death
Illinois,621684,98030,4379,NA,UNKNOWN,0,age,death
Indiana,189330,28705,1678,NA,0-19,2,age,death
Indiana,189330,28705,1678,NA,20-29,3,age,death
Indiana,189330,28705,1678,NA,30-39,12,age,death
Indiana,189330,28705,1678,NA,40-49,33,age,death
Indiana,189330,28705,1678,NA,50-59,96,age,death
Indiana,189330,28705,1678,NA,60-69,274,age,death
Indiana,189330,28705,1678,NA,70-79,413,age,death
Indiana,189330,28705,1678,NA,80+,845,age,death
Indiana,189330,28705,1678,NA,UNKNOWN,0,age,death
Iowa,109275,15447,380,NA,0-17,0,age,death
Iowa,109275,15447,380,NA,18-40,0,age,death
Iowa,109275,15447,380,NA,41-60,0,age,death
Iowa,109275,15447,380,NA,61-80,0,age,death
Iowa,109275,15447,380,NA,80+,0,age,death
Kansas,NA,8340,173,740,0-9,0,age,death
Kansas,NA,8340,173,740,10-17,0,age,death
Kansas,NA,8340,173,740,18-24,0,age,death
Kansas,NA,8340,173,740,25-34,0,age,death
Kansas,NA,8340,173,740,35-44,7,age,death
Kansas,NA,8340,173,740,45-54,4,age,death
Kansas,NA,8340,173,740,55-64,25,age,death
Kansas,NA,8340,173,740,65-74,30,age,death
Kansas,NA,8340,173,740,75-84,39,age,death
Kansas,NA,8340,173,740,85+,68,age,death
Kansas,NA,8340,173,740,UNKNOWN,0,age,death
Kentucky,153800,8069,366,1527,0-9,0,age,death
Kentucky,153800,8069,366,1527,10-19,0,age,death
Kentucky,153800,8069,366,1527,20-29,0,age,death
Kentucky,153800,8069,366,1527,30-39,2,age,death
Kentucky,153800,8069,366,1527,40-49,5,age,death
Kentucky,153800,8069,366,1527,50-59,23,age,death
Kentucky,153800,8069,366,1527,60-69,58,age,death
Kentucky,153800,8069,366,1527,70-79,87,age,death
Kentucky,153800,8069,366,1527,80+,191,age,death
Kentucky,153800,8069,366,1527,UNKNOWN,0,age,death
Louisiana,278073,35038,2458,NA,0-18,2,age,death
Louisiana,278073,35038,2458,NA,18-29,9,age,death
Louisiana,278073,35038,2458,NA,30-39,43,age,death
Louisiana,278073,35038,2458,NA,40-49,93,age,death
Louisiana,278073,35038,2458,NA,50-59,214,age,death
Louisiana,278073,35038,2458,NA,60-69,448,age,death
Louisiana,278073,35038,2458,NA,70+,1649,age,death
Maine,NA,1741,73,225,NA,NA,age,death
Maryland,208658,41546,1963,7199,10-19,1,age,death
Maryland,208658,41546,1963,7199,20-29,10,age,death
Maryland,208658,41546,1963,7199,30-39,24,age,death
Maryland,208658,41546,1963,7199,40-49,53,age,death
Maryland,208658,41546,1963,7199,50-59,131,age,death
Maryland,208658,41546,1963,7199,60-69,306,age,death
Maryland,208658,41546,1963,7199,70-79,478,age,death
Maryland,208658,41546,1963,7199,80+,884,age,death
Maryland,208658,41546,1963,7199,UNKNOWN,76,age,death
Massachusetts,469199,87052,5862,8560,0-19,0,age,death
Massachusetts,469199,87052,5862,8560,20-29,7,age,death
Massachusetts,469199,87052,5862,8560,30-39,18,age,death
Massachusetts,469199,87052,5862,8560,40-49,51,age,death
Massachusetts,469199,87052,5862,8560,50-59,211,age,death
Massachusetts,469199,87052,5862,8560,60-69,578,age,death
Massachusetts,469199,87052,5862,8560,70-79,1325,age,death
Massachusetts,469199,87052,5862,8560,80+,3672,age,death
Massachusetts,469199,87052,5862,8560,UNKNOWN,0,age,death
Michigan,438565,52350,5017,NA,0-19,0.01,age,death
Michigan,438565,52350,5017,NA,20-29,0.01,age,death
Michigan,438565,52350,5017,NA,30-39,0.01,age,death
Michigan,438565,52350,5017,NA,40-49,0.03,age,death
Michigan,438565,52350,5017,NA,50-59,0.08,age,death
Michigan,438565,52350,5017,NA,60-69,0.18,age,death
Michigan,438565,52350,5017,NA,70-79,0.27,age,death
Michigan,438565,52350,5017,NA,80+,0.42,age,death
Michigan,438565,52350,5017,NA,UNKNOWN,0,age,death
Minnesota,NA,17029,748,1471,NA,NA,age,death
Mississippi,NA,11704,554,NA,0-17,0,age,death
Mississippi,NA,11704,554,NA,18-29,1,age,death
Mississippi,NA,11704,554,NA,30-39,10,age,death
Mississippi,NA,11704,554,NA,40-49,19,age,death
Mississippi,NA,11704,554,NA,50-59,40,age,death
Mississippi,NA,11704,554,NA,60-69,120,age,death
Mississippi,NA,11704,554,NA,70-79,155,age,death
Mississippi,NA,11704,554,NA,80-89,129,age,death
Mississippi,NA,11704,554,NA,90+,80,age,death
Mississippi,NA,11704,554,NA,UNKNOWN,NA,age,death
Missouri,158296,11080,616,NA,0-20,0,age,death
Missouri,158296,11080,616,NA,80+,289,age,death
Missouri,158296,11080,616,NA,20-29,1,age,death
Missouri,158296,11080,616,NA,30-39,3,age,death
Missouri,158296,11080,616,NA,40-49,13,age,death
Missouri,158296,11080,616,NA,50-59,44,age,death
Missouri,158296,11080,616,NA,60-69,108,age,death
Missouri,158296,11080,616,NA,70-79,158,age,death
Montana,NA,471,16,65,NA,NA,age,death
Nebraska,72333,10846,128,602,NA,NA,age,death
New Hampshire,NA,3160,1231,318,0-9,0,age,death
New Hampshire,NA,3160,1231,318,10-19,0,age,death
New Hampshire,NA,3160,1231,318,20-29,2,age,death
New Hampshire,NA,3160,1231,318,30-39,0,age,death
New Hampshire,NA,3160,1231,318,40-49,5,age,death
New Hampshire,NA,3160,1231,318,50-59,0,age,death
New Hampshire,NA,3160,1231,318,60-69,10,age,death
New Hampshire,NA,3160,1231,318,70-79,32,age,death
New Hampshire,NA,3160,1231,318,80+,84,age,death
New Hampshire,NA,3160,1231,318,UNKNOWN,NA,age,death
New Jersey,NA,149013,10586,15416,NA,NA,age,death
New Mexico,142246,6192,276,886,NA,NA,age,death
North Carolina,265008,19700,691,585,NA,NA,age,death
North Dakota,57731,1994,45,135,0-9,0,age,death
North Dakota,57731,1994,45,135,10-19,0,age,death
North Dakota,57731,1994,45,135,20-29,0,age,death
North Dakota,57731,1994,45,135,30-39,0,age,death
North Dakota,57731,1994,45,135,40-49,3,age,death
North Dakota,57731,1994,45,135,50-59,2,age,death
North Dakota,57731,1994,45,135,60-69,1,age,death
North Dakota,57731,1994,45,135,70-79,10,age,death
North Dakota,57731,1994,45,135,80+,29,age,death
Ohio,NA,28952,1720,5117,0-19,0,age,death
Ohio,NA,28952,1720,5117,20-29,5,age,death
Ohio,NA,28952,1720,5117,30-39,12,age,death
Ohio,NA,28952,1720,5117,40-49,25,age,death
Ohio,NA,28952,1720,5117,50-59,96,age,death
Ohio,NA,28952,1720,5117,60-69,245,age,death
Ohio,NA,28952,1720,5117,70-79,434,age,death
Ohio,NA,28952,1720,5117,80+,902,age,death
Ohio,NA,28952,1720,5117,UNKNOWN,1,age,death
Oklahoma,NA,5489,294,NA,0-4,0,age,death
Oklahoma,NA,5489,294,NA,5-17,0,age,death
Oklahoma,NA,5489,294,NA,18-35,4,age,death
Oklahoma,NA,5489,294,NA,36-49,6,age,death
Oklahoma,NA,5489,294,NA,50-64,50,age,death
Oklahoma,NA,5489,294,NA,65+,234,age,death
Oklahoma,NA,5489,294,NA,UNKNOWN,NA,age,death
Oregon,99630,3726,140,714,0-9,0,age,death
Oregon,99630,3726,140,714,10-19,0,age,death
Oregon,99630,3726,140,714,20-29,0,age,death
Oregon,99630,3726,140,714,30-39,0,age,death
Oregon,99630,3726,140,714,40-49,3,age,death
Oregon,99630,3726,140,714,50-59,5,age,death
Oregon,99630,3726,140,714,60-69,28,age,death
Oregon,99630,3726,140,714,70-79,40,age,death
Oregon,99630,3726,140,714,80+,64,age,death
Oregon,99630,3726,140,714,UNKNOWN,0,age,death
Pennsylvania,349700,63666,4624,1853,0-4,NA,age,death
Pennsylvania,349700,63666,4624,1853,5-9,NA,age,death
Pennsylvania,349700,63666,4624,1853,10-14,NA,age,death
Pennsylvania,349700,63666,4624,1853,15-19,NA,age,death
Pennsylvania,349700,63666,4624,1853,20-24,NA,age,death
Pennsylvania,349700,63666,4624,1853,25-29,NA,age,death
Pennsylvania,349700,63666,4624,1853,30-34,7,age,death
Pennsylvania,349700,63666,4624,1853,35-39,5,age,death
Pennsylvania,349700,63666,4624,1853,40-44,21,age,death
Pennsylvania,349700,63666,4624,1853,45-49,45,age,death
Pennsylvania,349700,63666,4624,1853,50-54,83,age,death
Pennsylvania,349700,63666,4624,1853,55-59,146,age,death
Pennsylvania,349700,63666,4624,1853,60-64,251,age,death
Pennsylvania,349700,63666,4624,1853,65-69,354,age,death
Pennsylvania,349700,63666,4624,1853,70-74,444,age,death
Pennsylvania,349700,63666,4624,1853,75-79,512,age,death
Pennsylvania,349700,63666,4624,1853,80-84,638,age,death
Pennsylvania,349700,63666,4624,1853,85-89,800,age,death
Pennsylvania,349700,63666,4624,1853,90-94,768,age,death
Pennsylvania,349700,63666,4624,1853,95-99,341,age,death
Pennsylvania,349700,63666,4624,1853,100-104,64,age,death
Rhode Island,117246,12951,532,1464,0-9,0,age,death
Rhode Island,117246,12951,532,1464,10-19,0,age,death
Rhode Island,117246,12951,532,1464,20-29,NA,age,death
Rhode Island,117246,12951,532,1464,30-39,5,age,death
Rhode Island,117246,12951,532,1464,40-49,6,age,death
Rhode Island,117246,12951,532,1464,50-59,19,age,death
Rhode Island,117246,12951,532,1464,60-69,35,age,death
Rhode Island,117246,12951,532,1464,70-79,83,age,death
Rhode Island,117246,12951,532,1464,80-89,108,age,death
Rhode Island,117246,12951,532,1464,90-99,79,age,death
Rhode Island,117246,12951,532,1464,100+,5,age,death
Rhode Island,117246,12951,532,1464,PENDING,0,age,death
South Carolina,135063,9056,NA,1444,0-10,0,age,death
South Carolina,135063,9056,NA,1444,11-20,0,age,death
South Carolina,135063,9056,NA,1444,21-30,0,age,death
South Carolina,135063,9056,NA,1444,31-40,0,age,death
South Carolina,135063,9056,NA,1444,41-50,0,age,death
South Carolina,135063,9056,NA,1444,51-60,0,age,death
South Carolina,135063,9056,NA,1444,61-70,0,age,death
South Carolina,135063,9056,NA,1444,71-80,0,age,death
South Carolina,135063,9056,NA,1444,81+,0,age,death
South Carolina,135063,9056,NA,1444,UNKNOWN,NA,age,death
Tennessee,346123,18378,305,NA,0-10,1,age,death
Tennessee,346123,18378,305,NA,11-20,1,age,death
Tennessee,346123,18378,305,NA,21-30,1,age,death
Tennessee,346123,18378,305,NA,31-40,3,age,death
Tennessee,346123,18378,305,NA,41-50,14,age,death
Tennessee,346123,18378,305,NA,51-60,28,age,death
Tennessee,346123,18378,305,NA,61-70,63,age,death
Tennessee,346123,18378,305,NA,71-80,89,age,death
Tennessee,346123,18378,305,NA,81+,105,age,death
Tennessee,346123,18378,305,NA,UNKNOWN,0,age,death
Texas,744937,49912,1369,NA,0-1,0,age,death
Texas,744937,49912,1369,NA,1-9,0,age,death
Texas,744937,49912,1369,NA,10-19,2,age,death
Texas,744937,49912,1369,NA,20-29,10,age,death
Texas,744937,49912,1369,NA,30-39,9,age,death
Texas,744937,49912,1369,NA,40-49,21,age,death
Texas,744937,49912,1369,NA,50-59,54,age,death
Texas,744937,49912,1369,NA,60-64,45,age,death
Texas,744937,49912,1369,NA,65-69,59,age,death
Texas,744937,49912,1369,NA,70-74,45,age,death
Texas,744937,49912,1369,NA,75-79,45,age,death
Texas,744937,49912,1369,NA,80+,196,age,death
Texas,744937,49912,1369,NA,UNKNOWN,3,age,death
Texas,744937,49912,1369,NA,PENDING,880,age,death
Utah,177311,7518,88,619,NA,NA,age,death
Vermont,24591,944,54,NA,0-9,0,age,death
Vermont,24591,944,54,NA,10-19,0,age,death
Vermont,24591,944,54,NA,20-29,0,age,death
Vermont,24591,944,54,NA,30-39,1,age,death
Vermont,24591,944,54,NA,40-49,2,age,death
Vermont,24591,944,54,NA,50-59,1,age,death
Vermont,24591,944,54,NA,60-69,10,age,death
Vermont,24591,944,54,NA,70-79,17,age,death
Vermont,24591,944,54,NA,80+,23,age,death
Virginia,NA,32145,1041,3904,0-9,0,age,death
Virginia,NA,32145,1041,3904,10-19,0,age,death
Virginia,NA,32145,1041,3904,20-29,2,age,death
Virginia,NA,32145,1041,3904,30-39,7,age,death
Virginia,NA,32145,1041,3904,40-49,22,age,death
Virginia,NA,32145,1041,3904,50-59,54,age,death
Virginia,NA,32145,1041,3904,60-69,162,age,death
Virginia,NA,32145,1041,3904,70-79,249,age,death
Virginia,NA,32145,1041,3904,80+,544,age,death
Virginia,NA,32145,1041,3904,UNKNOWN,1,age,death
Washington,293120,18811,NA,NA,0-19,0,age,death
Washington,293120,18811,NA,NA,20-39,0.01,age,death
Washington,293120,18811,NA,NA,40-59,0.09,age,death
Washington,293120,18811,NA,NA,60-79,0.38,age,death
Washington,293120,18811,NA,NA,80+,0.52,age,death
Washington,293120,18811,NA,NA,UNKNOWN,0,age,death
Wisconsin,161122,12885,467,2110,0-10,0,age,death
Wisconsin,161122,12885,467,2110,10-19,0,age,death
Wisconsin,161122,12885,467,2110,20-29,4,age,death
Wisconsin,161122,12885,467,2110,30-39,5,age,death
Wisconsin,161122,12885,467,2110,40-49,12,age,death
Wisconsin,161122,12885,467,2110,50-59,40,age,death
Wisconsin,161122,12885,467,2110,60-69,77,age,death
Wisconsin,161122,12885,467,2110,70-79,129,age,death
Wisconsin,161122,12885,467,2110,80-89,114,age,death
Wisconsin,161122,12885,467,2110,90+,86,age,death
Alabama,NA,12631,509,1480,ASIAN,3,race,death
Alabama,NA,12631,509,1480,BLACK,222,race,death
Alabama,NA,12631,509,1480,OTHER,6,race,death
Alabama,NA,12631,509,1480,UNKNOWN,18,race,death
Alabama,NA,12631,509,1480,WHITE,260,race,death
Alaska,36380,399,10,43,AI/AN,2,race,death
Alaska,36380,399,10,43,ASIAN,2,race,death
Alaska,36380,399,10,43,BLACK,0,race,death
Alaska,36380,399,10,43,MULTI,0,race,death
Alaska,36380,399,10,43,NH/PI,1,race,death
Alaska,36380,399,10,43,OTHER,0,race,death
Alaska,36380,399,10,43,UNKNOWN,0,race,death
Alaska,36380,399,10,43,WHITE,5,race,death
Arizona,220612,14566,704,NA,AI/AN,119,race,death
Arizona,220612,14566,704,NA,ASIAN,8,race,death
Arizona,220612,14566,704,NA,BLACK,23,race,death
Arizona,220612,14566,704,NA,MULTI,0,race,death
Arizona,220612,14566,704,NA,OTHER,11,race,death
Arizona,220612,14566,704,NA,UNKNOWN,139,race,death
Arizona,220612,14566,704,NA,WHITE,292,race,death
Arkansas,105807,4923,102,535,NA,NA,race,death
California,NA,81795,3250,NA,AI/AN,14,race,death
California,NA,81795,3250,NA,ASIAN,475,race,death
California,NA,81795,3250,NA,BLACK,323,race,death
California,NA,81795,3250,NA,HISPANIC,1187,race,death
California,NA,81795,3250,NA,MULTI,21,race,death
California,NA,81795,3250,NA,NH/PI,27,race,death
California,NA,81795,3250,NA,OTHER,35,race,death
California,NA,81795,3250,NA,PENDING,72,race,death
California,NA,81795,3250,NA,WHITE,1096,race,death
Colorado,NA,20304,1001,NA,HISPANIC,0.1901,race,death
Colorado,NA,20304,1001,NA,NH AI/AN,0.0056,race,death
Colorado,NA,20304,1001,NA,NH ASIAN,0.0398,race,death
Colorado,NA,20304,1001,NA,NH BLACK,0.0684,race,death
Colorado,NA,20304,1001,NA,NH MULTI,0.008,race,death
Colorado,NA,20304,1001,NA,NH NH/PI,0.0032,race,death
Colorado,NA,20304,1001,NA,NH WHITE,0.6468,race,death
Colorado,NA,20304,1001,NA,OTHER,0.0056,race,death
Colorado,NA,20304,1001,NA,UNKNOWN,0.0326,race,death
Connecticut,185520,38430,3472,NA,HISPANIC,294,race,death
Connecticut,185520,38430,3472,NA,NH AI/AN,1,race,death
Connecticut,185520,38430,3472,NA,NH ASIAN/PI,35,race,death
Connecticut,185520,38430,3472,NA,NH BLACK,512,race,death
Connecticut,185520,38430,3472,NA,NH MULTI,13,race,death
Connecticut,185520,38430,3472,NA,NH OTHER,15,race,death
Connecticut,185520,38430,3472,NA,NH WHITE,2520,race,death
Connecticut,185520,38430,3472,NA,UNKNOWN,82,race,death
Delaware,44132,8037,304,NA,ASIAN/PI,1,race,death
Delaware,44132,8037,304,NA,HISPANIC,22,race,death
Delaware,44132,8037,304,NA,MULTI,3,race,death
Delaware,44132,8037,304,NA,NH BLACK,73,race,death
Delaware,44132,8037,304,NA,NH WHITE,185,race,death
Delaware,44132,8037,304,NA,UNKNOWN,20,race,death
Florida,717162,45684,2052,NA,AI/AN,0,race,death
Florida,717162,45684,2052,NA,ASIAN,0,race,death
Florida,717162,45684,2052,NA,BLACK,447,race,death
Florida,717162,45684,2052,NA,MULTI,0,race,death
Florida,717162,45684,2052,NA,OTHER,127,race,death
Florida,717162,45684,2052,NA,UNKNOWN,80,race,death
Florida,717162,45684,2052,NA,WHITE,1398,race,death
Georgia,NA,38855,1675,7076,AI/AN,4,race,death
Georgia,NA,38855,1675,7076,ASIAN,28,race,death
Georgia,NA,38855,1675,7076,BLACK,822,race,death
Georgia,NA,38855,1675,7076,NH/PI,2,race,death
Georgia,NA,38855,1675,7076,OTHER,22,race,death
Georgia,NA,38855,1675,7076,UNKNOWN,27,race,death
Georgia,NA,38855,1675,7076,WHITE,770,race,death
Illinois,621684,98030,4379,NA,AI/AN,7,race,death
Illinois,621684,98030,4379,NA,ASIAN,207,race,death
Illinois,621684,98030,4379,NA,BLACK,1373,race,death
Illinois,621684,98030,4379,NA,HISPANIC,784,race,death
Illinois,621684,98030,4379,NA,NH/PI,3,race,death
Illinois,621684,98030,4379,NA,OTHER,34,race,death
Illinois,621684,98030,4379,NA,UNKNOWN,102,race,death
Illinois,621684,98030,4379,NA,WHITE,1869,race,death
Indiana,189330,28705,1678,NA,ASIAN,7,race,death
Indiana,189330,28705,1678,NA,BLACK,256,race,death
Indiana,189330,28705,1678,NA,OTHER,196,race,death
Indiana,189330,28705,1678,NA,UNKNOWN,119,race,death
Indiana,189330,28705,1678,NA,WHITE,1100,race,death
Iowa,109275,15447,380,NA,AI/AN,0,race,death
Iowa,109275,15447,380,NA,ASIAN,0,race,death
Iowa,109275,15447,380,NA,BLACK,0,race,death
Iowa,109275,15447,380,NA,MULTI,0,race,death
Iowa,109275,15447,380,NA,OTHER,0,race,death
Iowa,109275,15447,380,NA,PI,0,race,death
Iowa,109275,15447,380,NA,UNKNOWN,0,race,death
Iowa,109275,15447,380,NA,WHITE,0,race,death
Kansas,NA,8340,173,740,AI/AN,1,race,death
Kansas,NA,8340,173,740,ASIAN,1,race,death
Kansas,NA,8340,173,740,BLACK,55,race,death
Kansas,NA,8340,173,740,OTHER,1,race,death
Kansas,NA,8340,173,740,UNKNOWN,3,race,death
Kansas,NA,8340,173,740,WHITE,112,race,death
Kentucky,153800,8069,366,1527,NA,NA,race,death
Louisiana,278073,35038,2458,NA,AI/AN,2,race,death
Louisiana,278073,35038,2458,NA,ASIAN,20,race,death
Louisiana,278073,35038,2458,NA,BLACK,1350,race,death
Louisiana,278073,35038,2458,NA,NH/PI,5,race,death
Louisiana,278073,35038,2458,NA,OTHER,19,race,death
Louisiana,278073,35038,2458,NA,UNKNOWN,4,race,death
Louisiana,278073,35038,2458,NA,WHITE,1040,race,death
Maine,NA,1741,73,225,NA,NA,race,death
Maryland,208658,41546,1963,7199,HISPANIC,160,race,death
Maryland,208658,41546,1963,7199,NH ASIAN,69,race,death
Maryland,208658,41546,1963,7199,NH BLACK,815,race,death
Maryland,208658,41546,1963,7199,NH OTHER,24,race,death
Maryland,208658,41546,1963,7199,NH WHITE,817,race,death
Maryland,208658,41546,1963,7199,UNKNOWN,78,race,death
Massachusetts,469199,87052,5862,8560,HISPANIC,355,race,death
Massachusetts,469199,87052,5862,8560,NH ASIAN,95,race,death
Massachusetts,469199,87052,5862,8560,NH BLACK,299,race,death
Massachusetts,469199,87052,5862,8560,NH OTHER,187,race,death
Massachusetts,469199,87052,5862,8560,NH WHITE,2356,race,death
Massachusetts,469199,87052,5862,8560,UNKNOWN,2570,race,death
Michigan,438565,52350,5017,NA,AI/AN,0.01,race,death
Michigan,438565,52350,5017,NA,ASIAN/PI,0.01,race,death
Michigan,438565,52350,5017,NA,BLACK,0.4,race,death
Michigan,438565,52350,5017,NA,MULTI,0.02,race,death
Michigan,438565,52350,5017,NA,OTHER,0.02,race,death
Michigan,438565,52350,5017,NA,UNKNOWN,0.04,race,death
Michigan,438565,52350,5017,NA,WHITE,0.5,race,death
Minnesota,NA,17029,748,1471,ASIAN,16,race,death
Minnesota,NA,17029,748,1471,BLACK,41,race,death
Minnesota,NA,17029,748,1471,OTHER,2,race,death
Minnesota,NA,17029,748,1471,PI,0,race,death
Minnesota,NA,17029,748,1471,UNKNOWN,197,race,death
Minnesota,NA,17029,748,1471,WHITE,478,race,death
Minnesota,NA,17029,748,1471,"NA",14,race,death
Mississippi,NA,11704,554,NA,AI/AN,17,race,death
Mississippi,NA,11704,554,NA,ASIAN,0,race,death
Mississippi,NA,11704,554,NA,BLACK,285,race,death
Mississippi,NA,11704,554,NA,MULTI,0,race,death
Mississippi,NA,11704,554,NA,OTHER,5,race,death
Mississippi,NA,11704,554,NA,UNKNOWN,2,race,death
Mississippi,NA,11704,554,NA,WHITE,245,race,death
Missouri,158296,11080,616,NA,NA,NA,race,death
Montana,NA,471,16,65,NA,NA,race,death
Nebraska,72333,10846,128,602,NA,NA,race,death
New Hampshire,NA,3160,1231,318,AI/AN,0,race,death
New Hampshire,NA,3160,1231,318,ASIAN,0,race,death
New Hampshire,NA,3160,1231,318,BLACK,0,race,death
New Hampshire,NA,3160,1231,318,MULTI,0,race,death
New Hampshire,NA,3160,1231,318,OTHER,3,race,death
New Hampshire,NA,3160,1231,318,UNKNOWN,0,race,death
New Hampshire,NA,3160,1231,318,WHITE,73,race,death
New Jersey,NA,149013,10586,15416,NA,NA,race,death
New Mexico,142246,6192,276,886,NA,NA,race,death
North Carolina,265008,19700,691,585,AI/AN,1,race,death
North Carolina,265008,19700,691,585,ASIAN,7,race,death
North Carolina,265008,19700,691,585,BLACK,232,race,death
North Carolina,265008,19700,691,585,MULTI,0,race,death
North Carolina,265008,19700,691,585,OTHER,26,race,death
North Carolina,265008,19700,691,585,UNKNOWN,0,race,death
North Carolina,265008,19700,691,585,WHITE,388,race,death
North Dakota,57731,1994,45,135,NA,NA,race,death
Ohio,NA,28952,1720,5117,NA,NA,race,death
Oklahoma,NA,5489,294,NA,AI/AN,21,race,death
Oklahoma,NA,5489,294,NA,ASIAN,2,race,death
Oklahoma,NA,5489,294,NA,BLACK,24,race,death
Oklahoma,NA,5489,294,NA,MULTI,0,race,death
Oklahoma,NA,5489,294,NA,OTHER,7,race,death
Oklahoma,NA,5489,294,NA,UNKNOWN,14,race,death
Oklahoma,NA,5489,294,NA,WHITE,226,race,death
Oregon,99630,3726,140,714,NA,NA,race,death
Pennsylvania,349700,63666,4624,1853,ASIAN,118,race,death
Pennsylvania,349700,63666,4624,1853,BLACK,904,race,death
Pennsylvania,349700,63666,4624,1853,MULTI,208,race,death
Pennsylvania,349700,63666,4624,1853,WHITE,3263,race,death
Rhode Island,117246,12951,532,1464,HISPANIC,38,race,death
Rhode Island,117246,12951,532,1464,NH BLACK,17,race,death
Rhode Island,117246,12951,532,1464,NH MULTI,0,race,death
Rhode Island,117246,12951,532,1464,NH OTHER,7,race,death
Rhode Island,117246,12951,532,1464,NH WHITE,234,race,death
Rhode Island,117246,12951,532,1464,PENDING,45,race,death
Rhode Island,117246,12951,532,1464,UNKNOWN,0,race,death
South Carolina,135063,9056,NA,1444,ASIAN,0,race,death
South Carolina,135063,9056,NA,1444,BLACK,0,race,death
South Carolina,135063,9056,NA,1444,OTHER,0,race,death
South Carolina,135063,9056,NA,1444,UNKNOWN,0,race,death
South Carolina,135063,9056,NA,1444,WHITE,0,race,death
Tennessee,346123,18378,305,NA,AI/AN,0,race,death
Tennessee,346123,18378,305,NA,ASIAN,7,race,death
Tennessee,346123,18378,305,NA,BLACK,102,race,death
Tennessee,346123,18378,305,NA,MULTI,0,race,death
Tennessee,346123,18378,305,NA,OTHER,10,race,death
Tennessee,346123,18378,305,NA,UNKNOWN,7,race,death
Tennessee,346123,18378,305,NA,WHITE,179,race,death
Texas,744937,49912,1369,NA,ASIAN,6,race,death
Texas,744937,49912,1369,NA,BLACK,67,race,death
Texas,744937,49912,1369,NA,HISPANIC,120,race,death
Texas,744937,49912,1369,NA,OTHER,2,race,death
Texas,744937,49912,1369,NA,PENDING,880,race,death
Texas,744937,49912,1369,NA,UNKNOWN,114,race,death
Texas,744937,49912,1369,NA,WHITE,180,race,death
Utah,177311,7518,88,619,NA,NA,race,death
Vermont,24591,944,54,NA,AI/AN,0,race,death
Vermont,24591,944,54,NA,ASIAN,2,race,death
Vermont,24591,944,54,NA,BLACK,0,race,death
Vermont,24591,944,54,NA,OTHER,3,race,death
Vermont,24591,944,54,NA,UNKNOWN,0,race,death
Vermont,24591,944,54,NA,WHITE,49,race,death
Virginia,NA,32145,1041,3904,BLACK,217,race,death
Virginia,NA,32145,1041,3904,OTHER,124,race,death
Virginia,NA,32145,1041,3904,UNKNOWN,135,race,death
Virginia,NA,32145,1041,3904,WHITE,565,race,death
Washington,293120,18811,NA,NA,HISPANIC,85,race,death
Washington,293120,18811,NA,NA,NH AI/AN,7,race,death
Washington,293120,18811,NA,NA,NH ASIAN,86,race,death
Washington,293120,18811,NA,NA,NH BLACK,29,race,death
Washington,293120,18811,NA,NA,NH MULTI,13,race,death
Washington,293120,18811,NA,NA,NH NH/PI,7,race,death
Washington,293120,18811,NA,NA,NH OTHER,19,race,death
Washington,293120,18811,NA,NA,NH WHITE,653,race,death
Washington,293120,18811,NA,NA,UNKNOWN,132,race,death
Wisconsin,161122,12885,467,2110,AI,6,race,death
Wisconsin,161122,12885,467,2110,ASIAN/PI,11,race,death
Wisconsin,161122,12885,467,2110,BLACK,132,race,death
Wisconsin,161122,12885,467,2110,UNKNOWN,6,race,death
Wisconsin,161122,12885,467,2110,WHITE,309,race,death
Wisconsin,161122,12885,467,2110,"NA",3,race,death
Alabama,NA,12631,509,1480,FEMALE,228,sex,death
Alabama,NA,12631,509,1480,MALE,280,sex,death
Alaska,36380,399,10,43,FEMALE,5,sex,death
Alaska,36380,399,10,43,MALE,5,sex,death
Alaska,36380,399,10,43,UNKNOWN/OTHER,0,sex,death
Arizona,220612,14566,704,NA,FEMALE,321,sex,death
Arizona,220612,14566,704,NA,MALE,382,sex,death
Arizona,220612,14566,704,NA,UNKNOWN/OTHER,0,sex,death
Arkansas,105807,4923,102,535,NA,NA,sex,death
California,NA,81795,3250,NA,NA,NA,sex,death
Colorado,NA,20304,1001,NA,FEMALE,0.4368,sex,death
Colorado,NA,20304,1001,NA,MALE,0.5593,sex,death
Colorado,NA,20304,1001,NA,UNKNOWN/OTHER,0.004,sex,death
Connecticut,185520,38430,3472,NA,FEMALE,1752,sex,death
Connecticut,185520,38430,3472,NA,MALE,1714,sex,death
Delaware,44132,8037,304,NA,FEMALE,158,sex,death
Delaware,44132,8037,304,NA,MALE,146,sex,death
Florida,717162,45684,2052,NA,NA,NA,sex,death
Georgia,NA,38855,1675,7076,FEMALE,789,sex,death
Georgia,NA,38855,1675,7076,MALE,886,sex,death
Illinois,621684,98030,4379,NA,FEMALE,1941,sex,death
Illinois,621684,98030,4379,NA,MALE,2433,sex,death
Illinois,621684,98030,4379,NA,UNKNOWN/OTHER,5,sex,death
Indiana,189330,28705,1678,NA,FEMALE,786,sex,death
Indiana,189330,28705,1678,NA,MALE,854,sex,death
Indiana,189330,28705,1678,NA,UNKNOWN/OTHER,38,sex,death
Iowa,109275,15447,380,NA,FEMALE,0,sex,death
Iowa,109275,15447,380,NA,MALE,0,sex,death
Iowa,109275,15447,380,NA,UNKNOWN/OTHER,0,sex,death
Kansas,NA,8340,173,740,FEMALE,83,sex,death
Kansas,NA,8340,173,740,MALE,90,sex,death
Kansas,NA,8340,173,740,UNKNOWN/OTHER,0,sex,death
Kentucky,153800,8069,366,1527,FEMALE,208,sex,death
Kentucky,153800,8069,366,1527,MALE,158,sex,death
Kentucky,153800,8069,366,1527,UNKNOWN/OTHER,0,sex,death
Louisiana,278073,35038,2458,NA,FEMALE,0.456,sex,death
Louisiana,278073,35038,2458,NA,MALE,0.544,sex,death
Louisiana,278073,35038,2458,NA,UNKNOWN/OTHER,0,sex,death
Maine,NA,1741,73,225,NA,NA,sex,death
Maryland,208658,41546,1963,7199,FEMALE,967,sex,death
Maryland,208658,41546,1963,7199,MALE,996,sex,death
Massachusetts,469199,87052,5862,8560,FEMALE,3019,sex,death
Massachusetts,469199,87052,5862,8560,MALE,2830,sex,death
Michigan,438565,52350,5017,NA,FEMALE,0.47,sex,death
Michigan,438565,52350,5017,NA,MALE,0.53,sex,death
Michigan,438565,52350,5017,NA,UNKNOWN/OTHER,0.01,sex,death
Minnesota,NA,17029,748,1471,NA,NA,sex,death
Mississippi,NA,11704,554,NA,FEMALE,281,sex,death
Mississippi,NA,11704,554,NA,MALE,271,sex,death
Mississippi,NA,11704,554,NA,UNKNOWN/OTHER,0,sex,death
Missouri,158296,11080,616,NA,NA,NA,sex,death
Montana,NA,471,16,65,NA,NA,sex,death
Nebraska,72333,10846,128,602,NA,NA,sex,death
New Hampshire,NA,3160,1231,318,FEMALE,61,sex,death
New Hampshire,NA,3160,1231,318,MALE,71,sex,death
New Hampshire,NA,3160,1231,318,UNKNOWN/OTHER,0,sex,death
New Jersey,NA,149013,10586,15416,NA,NA,sex,death
New Mexico,142246,6192,276,886,NA,NA,sex,death
North Carolina,265008,19700,691,585,NA,NA,sex,death
North Dakota,57731,1994,45,135,NA,NA,sex,death
Ohio,NA,28952,1720,5117,FEMALE,810,sex,death
Ohio,NA,28952,1720,5117,MALE,909,sex,death
Ohio,NA,28952,1720,5117,UNKNOWN/OTHER,1,sex,death
Oklahoma,NA,5489,294,NA,FEMALE,141,sex,death
Oklahoma,NA,5489,294,NA,MALE,153,sex,death
Oklahoma,NA,5489,294,NA,UNKNOWN/OTHER,0,sex,death
Oregon,99630,3726,140,714,FEMALE,59,sex,death
Oregon,99630,3726,140,714,MALE,81,sex,death
Oregon,99630,3726,140,714,UNKNOWN/OTHER,0,sex,death
Pennsylvania,349700,63666,4624,1853,FEMALE,2296,sex,death
Pennsylvania,349700,63666,4624,1853,MALE,2197,sex,death
Rhode Island,117246,12951,532,1464,FEMALE,172,sex,death
Rhode Island,117246,12951,532,1464,MALE,169,sex,death
Rhode Island,117246,12951,532,1464,PENDING,0,sex,death
South Carolina,135063,9056,NA,1444,FEMALE,0,sex,death
South Carolina,135063,9056,NA,1444,MALE,0,sex,death
South Carolina,135063,9056,NA,1444,UNKNOWN/OTHER,0,sex,death
Tennessee,346123,18378,305,NA,FEMALE,135,sex,death
Tennessee,346123,18378,305,NA,MALE,170,sex,death
Tennessee,346123,18378,305,NA,UNKNOWN/OTHER,0,sex,death
Texas,744937,49912,1369,NA,FEMALE,190,sex,death
Texas,744937,49912,1369,NA,MALE,268,sex,death
Texas,744937,49912,1369,NA,PENDING,880,sex,death
Texas,744937,49912,1369,NA,UNKNOWN/OTHER,31,sex,death
Utah,177311,7518,88,619,FEMALE,0.466,sex,death
Utah,177311,7518,88,619,MALE,0.534,sex,death
Vermont,24591,944,54,NA,FEMALE,24,sex,death
Vermont,24591,944,54,NA,MALE,30,sex,death
Vermont,24591,944,54,NA,UNKNOWN/OTHER,0,sex,death
Virginia,NA,32145,1041,3904,FEMALE,503,sex,death
Virginia,NA,32145,1041,3904,MALE,535,sex,death
Virginia,NA,32145,1041,3904,UNKNOWN/OTHER,3,sex,death
Washington,293120,18811,NA,NA,FEMALE,0.45,sex,death
Washington,293120,18811,NA,NA,MALE,0.55,sex,death
Washington,293120,18811,NA,NA,UNKNOWN/OTHER,0,sex,death
Wisconsin,161122,12885,467,2110,FEMALE,0.42,sex,death
Wisconsin,161122,12885,467,2110,MALE,0.58,sex,death
Wisconsin,161122,12885,467,2110,UNKNOWN/OTHER,0,sex,death
Alabama,NA,12631,509,1480,NA,NA,age,hosp
Alaska,36380,399,10,43,0-10,0,age,hosp
Alaska,36380,399,10,43,10-19,0,age,hosp
Alaska,36380,399,10,43,20-29,3,age,hosp
Alaska,36380,399,10,43,30-39,5,age,hosp
Alaska,36380,399,10,43,40-49,2,age,hosp
Alaska,36380,399,10,43,50-59,8,age,hosp
Alaska,36380,399,10,43,60-69,9,age,hosp
Alaska,36380,399,10,43,70-79,13,age,hosp
Alaska,36380,399,10,43,80+,3,age,hosp
Alaska,36380,399,10,43,UNKNOWN,0,age,hosp
Arizona,220612,14566,704,NA,0-19,16,age,hosp
Arizona,220612,14566,704,NA,20-44,333,age,hosp
Arizona,220612,14566,704,NA,45-54,271,age,hosp
Arizona,220612,14566,704,NA,55-64,336,age,hosp
Arizona,220612,14566,704,NA,65+,790,age,hosp
Arizona,220612,14566,704,NA,UNKNOWN,0,age,hosp
Arkansas,105807,4923,102,535,NA,NA,age,hosp
California,NA,81795,3250,NA,NA,NA,age,hosp
Colorado,NA,20304,1001,NA,0-9,33,age,hosp
Colorado,NA,20304,1001,NA,10-19,31,age,hosp
Colorado,NA,20304,1001,NA,20-29,172,age,hosp
Colorado,NA,20304,1001,NA,30-39,327,age,hosp
Colorado,NA,20304,1001,NA,40-49,488,age,hosp
Colorado,NA,20304,1001,NA,50-59,701,age,hosp
Colorado,NA,20304,1001,NA,60-69,702,age,hosp
Colorado,NA,20304,1001,NA,70-79,520,age,hosp
Colorado,NA,20304,1001,NA,80+,341,age,hosp
Connecticut,185520,38430,3472,NA,NA,NA,age,hosp
Delaware,44132,8037,304,NA,NA,NA,age,hosp
Florida,717162,45684,2052,NA,0-4,19,age,hosp
Florida,717162,45684,2052,NA,5-14,17,age,hosp
Florida,717162,45684,2052,NA,15-24,128,age,hosp
Florida,717162,45684,2052,NA,25-34,416,age,hosp
Florida,717162,45684,2052,NA,35-44,693,age,hosp
Florida,717162,45684,2052,NA,45-54,1072,age,hosp
Florida,717162,45684,2052,NA,55-64,1494,age,hosp
Florida,717162,45684,2052,NA,65-74,1792,age,hosp
Florida,717162,45684,2052,NA,75-84,1663,age,hosp
Florida,717162,45684,2052,NA,85+,1200,age,hosp
Florida,717162,45684,2052,NA,UNKNOWN,0,age,hosp
Georgia,NA,38855,1675,7076,NA,NA,age,hosp
Illinois,621684,98030,4379,NA,NA,NA,age,hosp
Indiana,189330,28705,1678,NA,NA,NA,age,hosp
Iowa,109275,15447,380,NA,NA,NA,age,hosp
Kansas,NA,8340,173,740,0-9,5,age,hosp
Kansas,NA,8340,173,740,10-17,0,age,hosp
Kansas,NA,8340,173,740,18-24,13,age,hosp
Kansas,NA,8340,173,740,25-34,32,age,hosp
Kansas,NA,8340,173,740,35-44,109,age,hosp
Kansas,NA,8340,173,740,45-54,81,age,hosp
Kansas,NA,8340,173,740,55-64,162,age,hosp
Kansas,NA,8340,173,740,65-74,144,age,hosp
Kansas,NA,8340,173,740,75-84,105,age,hosp
Kansas,NA,8340,173,740,85+,89,age,hosp
Kansas,NA,8340,173,740,UNKNOWN,0,age,hosp
Kentucky,153800,8069,366,1527,0-9,16,age,hosp
Kentucky,153800,8069,366,1527,10-19,43,age,hosp
Kentucky,153800,8069,366,1527,20-29,179,age,hosp
Kentucky,153800,8069,366,1527,30-39,200,age,hosp
Kentucky,153800,8069,366,1527,40-49,220,age,hosp
Kentucky,153800,8069,366,1527,50-59,285,age,hosp
Kentucky,153800,8069,366,1527,60-69,221,age,hosp
Kentucky,153800,8069,366,1527,70-79,160,age,hosp
Kentucky,153800,8069,366,1527,80+,162,age,hosp
Kentucky,153800,8069,366,1527,UNKNOWN,41,age,hosp
Louisiana,278073,35038,2458,NA,NA,NA,age,hosp
Maine,NA,1741,73,225,NA,NA,age,hosp
Maryland,208658,41546,1963,7199,NA,NA,age,hosp
Massachusetts,469199,87052,5862,8560,0-19,61,age,hosp
Massachusetts,469199,87052,5862,8560,20-29,199,age,hosp
Massachusetts,469199,87052,5862,8560,30-39,398,age,hosp
Massachusetts,469199,87052,5862,8560,40-49,631,age,hosp
Massachusetts,469199,87052,5862,8560,50-59,1170,age,hosp
Massachusetts,469199,87052,5862,8560,60-69,1609,age,hosp
Massachusetts,469199,87052,5862,8560,70-79,1865,age,hosp
Massachusetts,469199,87052,5862,8560,80+,2687,age,hosp
Massachusetts,469199,87052,5862,8560,UNKNOWN,1,age,hosp
Michigan,438565,52350,5017,NA,NA,NA,age,hosp
Minnesota,NA,17029,748,1471,NA,NA,age,hosp
Mississippi,NA,11704,554,NA,0-17,18,age,hosp
Mississippi,NA,11704,554,NA,18-29,69,age,hosp
Mississippi,NA,11704,554,NA,30-39,110,age,hosp
Mississippi,NA,11704,554,NA,40-49,212,age,hosp
Mississippi,NA,11704,554,NA,50-59,286,age,hosp
Mississippi,NA,11704,554,NA,60-69,437,age,hosp
Mississippi,NA,11704,554,NA,70-79,374,age,hosp
Mississippi,NA,11704,554,NA,80-89,231,age,hosp
Mississippi,NA,11704,554,NA,90+,103,age,hosp
Mississippi,NA,11704,554,NA,UNKNOWN,NA,age,hosp
Missouri,158296,11080,616,NA,NA,NA,age,hosp
Montana,NA,471,16,65,NA,NA,age,hosp
Nebraska,72333,10846,128,602,NA,NA,age,hosp
New Hampshire,NA,3160,1231,318,0-9,2,age,hosp
New Hampshire,NA,3160,1231,318,10-19,4,age,hosp
New Hampshire,NA,3160,1231,318,20-29,10,age,hosp
New Hampshire,NA,3160,1231,318,30-39,11,age,hosp
New Hampshire,NA,3160,1231,318,40-49,28,age,hosp
New Hampshire,NA,3160,1231,318,50-59,50,age,hosp
New Hampshire,NA,3160,1231,318,60-69,92,age,hosp
New Hampshire,NA,3160,1231,318,70-79,74,age,hosp
New Hampshire,NA,3160,1231,318,80+,47,age,hosp
New Hampshire,NA,3160,1231,318,UNKNOWN,NA,age,hosp
New Jersey,NA,149013,10586,15416,NA,NA,age,hosp
New Mexico,142246,6192,276,886,NA,NA,age,hosp
North Carolina,265008,19700,691,585,NA,NA,age,hosp
North Dakota,57731,1994,45,135,0-9,1,age,hosp
North Dakota,57731,1994,45,135,10-19,1,age,hosp
North Dakota,57731,1994,45,135,20-29,4,age,hosp
North Dakota,57731,1994,45,135,30-39,21,age,hosp
North Dakota,57731,1994,45,135,40-49,15,age,hosp
North Dakota,57731,1994,45,135,50-59,29,age,hosp
North Dakota,57731,1994,45,135,60-69,27,age,hosp
North Dakota,57731,1994,45,135,70-79,19,age,hosp
North Dakota,57731,1994,45,135,80+,18,age,hosp
Ohio,NA,28952,1720,5117,0-19,49,age,hosp
Ohio,NA,28952,1720,5117,20-29,169,age,hosp
Ohio,NA,28952,1720,5117,30-39,307,age,hosp
Ohio,NA,28952,1720,5117,40-49,496,age,hosp
Ohio,NA,28952,1720,5117,50-59,944,age,hosp
Ohio,NA,28952,1720,5117,60-69,1188,age,hosp
Ohio,NA,28952,1720,5117,70-79,1003,age,hosp
Ohio,NA,28952,1720,5117,80+,960,age,hosp
Ohio,NA,28952,1720,5117,UNKNOWN,1,age,hosp
Oklahoma,NA,5489,294,NA,NA,NA,age,hosp
Oregon,99630,3726,140,714,0-9,5,age,hosp
Oregon,99630,3726,140,714,10-19,2,age,hosp
Oregon,99630,3726,140,714,20-29,29,age,hosp
Oregon,99630,3726,140,714,30-39,45,age,hosp
Oregon,99630,3726,140,714,40-49,85,age,hosp
Oregon,99630,3726,140,714,50-59,120,age,hosp
Oregon,99630,3726,140,714,60-69,169,age,hosp
Oregon,99630,3726,140,714,70-79,145,age,hosp
Oregon,99630,3726,140,714,80+,110,age,hosp
Oregon,99630,3726,140,714,UNKNOWN,4,age,hosp
Pennsylvania,349700,63666,4624,1853,50-64,0.1,age,hosp
Pennsylvania,349700,63666,4624,1853,0-29,0.02,age,hosp
Pennsylvania,349700,63666,4624,1853,30-49,0.05,age,hosp
Pennsylvania,349700,63666,4624,1853,65-79,0.2,age,hosp
Pennsylvania,349700,63666,4624,1853,80+,0.19,age,hosp
Rhode Island,117246,12951,532,1464,0-9,NA,age,hosp
Rhode Island,117246,12951,532,1464,10-19,NA,age,hosp
Rhode Island,117246,12951,532,1464,20-29,33,age,hosp
Rhode Island,117246,12951,532,1464,30-39,80,age,hosp
Rhode Island,117246,12951,532,1464,40-49,128,age,hosp
Rhode Island,117246,12951,532,1464,50-59,206,age,hosp
Rhode Island,117246,12951,532,1464,60-69,242,age,hosp
Rhode Island,117246,12951,532,1464,70-79,198,age,hosp
Rhode Island,117246,12951,532,1464,80-89,138,age,hosp
Rhode Island,117246,12951,532,1464,90-99,57,age,hosp
Rhode Island,117246,12951,532,1464,100+,0,age,hosp
Rhode Island,117246,12951,532,1464,PENDING,0,age,hosp
South Carolina,135063,9056,NA,1444,NA,NA,age,hosp
Tennessee,346123,18378,305,NA,NA,NA,age,hosp
Texas,744937,49912,1369,NA,NA,NA,age,hosp
Utah,177311,7518,88,619,0-1,0,age,hosp
Utah,177311,7518,88,619,1-14,3,age,hosp
Utah,177311,7518,88,619,15-24,28,age,hosp
Utah,177311,7518,88,619,25-44,152,age,hosp
Utah,177311,7518,88,619,45-64,255,age,hosp
Utah,177311,7518,88,619,65-84,158,age,hosp
Utah,177311,7518,88,619,85+,23,age,hosp
Utah,177311,7518,88,619,UNKNOWN,0,age,hosp
Vermont,24591,944,54,NA,NA,NA,age,hosp
Virginia,NA,32145,1041,3904,0-9,24,age,hosp
Virginia,NA,32145,1041,3904,10-19,30,age,hosp
Virginia,NA,32145,1041,3904,20-29,164,age,hosp
Virginia,NA,32145,1041,3904,30-39,332,age,hosp
Virginia,NA,32145,1041,3904,40-49,508,age,hosp
Virginia,NA,32145,1041,3904,50-59,704,age,hosp
Virginia,NA,32145,1041,3904,60-69,779,age,hosp
Virginia,NA,32145,1041,3904,70-79,679,age,hosp
Virginia,NA,32145,1041,3904,80+,682,age,hosp
Virginia,NA,32145,1041,3904,UNKNOWN,2,age,hosp
Washington,293120,18811,NA,NA,NA,NA,age,hosp
Wisconsin,161122,12885,467,2110,0-10,10,age,hosp
Wisconsin,161122,12885,467,2110,10-19,21,age,hosp
Wisconsin,161122,12885,467,2110,20-29,93,age,hosp
Wisconsin,161122,12885,467,2110,30-39,148,age,hosp
Wisconsin,161122,12885,467,2110,40-49,249,age,hosp
Wisconsin,161122,12885,467,2110,50-59,363,age,hosp
Wisconsin,161122,12885,467,2110,60-69,466,age,hosp
Wisconsin,161122,12885,467,2110,70-79,402,age,hosp
Wisconsin,161122,12885,467,2110,80-89,267,age,hosp
Wisconsin,161122,12885,467,2110,90+,91,age,hosp
Alabama,NA,12631,509,1480,NA,NA,race,hosp
Alaska,36380,399,10,43,AI/AN,6,race,hosp
Alaska,36380,399,10,43,ASIAN,7,race,hosp
Alaska,36380,399,10,43,BLACK,0,race,hosp
Alaska,36380,399,10,43,MULTI,0,race,hosp
Alaska,36380,399,10,43,WHITE,23,race,hosp
Alaska,36380,399,10,43,"NA",7,race,hosp
Arizona,220612,14566,704,NA,AI/AN,182,race,hosp
Arizona,220612,14566,704,NA,ASIAN,35,race,hosp
Arizona,220612,14566,704,NA,BLACK,91,race,hosp
Arizona,220612,14566,704,NA,MULTI,0,race,hosp
Arizona,220612,14566,704,NA,WHITE,692,race,hosp
Arizona,220612,14566,704,NA,"NA",282,race,hosp
Arkansas,105807,4923,102,535,NA,NA,race,hosp
California,NA,81795,3250,NA,NA,NA,race,hosp
Colorado,NA,20304,1001,NA,NA,NA,race,hosp
Connecticut,185520,38430,3472,NA,NA,NA,race,hosp
Delaware,44132,8037,304,NA,NA,NA,race,hosp
Florida,717162,45684,2052,NA,AI/AN,0,race,hosp
Florida,717162,45684,2052,NA,ASIAN,0,race,hosp
Florida,717162,45684,2052,NA,BLACK,2256,race,hosp
Florida,717162,45684,2052,NA,MULTI,0,race,hosp
Florida,717162,45684,2052,NA,WHITE,5146,race,hosp
Florida,717162,45684,2052,NA,"NA",1092,race,hosp
Georgia,NA,38855,1675,7076,NA,NA,race,hosp
Illinois,621684,98030,4379,NA,NA,NA,race,hosp
Indiana,189330,28705,1678,NA,NA,NA,race,hosp
Iowa,109275,15447,380,NA,NA,NA,race,hosp
Kansas,NA,8340,173,740,AI/AN,5,race,hosp
Kansas,NA,8340,173,740,ASIAN,25,race,hosp
Kansas,NA,8340,173,740,BLACK,161,race,hosp
Kansas,NA,8340,173,740,WHITE,476,race,hosp
Kansas,NA,8340,173,740,"NA",73,race,hosp
Kentucky,153800,8069,366,1527,NA,NA,race,hosp
Louisiana,278073,35038,2458,NA,NA,NA,race,hosp
Maine,NA,1741,73,225,NA,NA,race,hosp
Maryland,208658,41546,1963,7199,NA,NA,race,hosp
Massachusetts,469199,87052,5862,8560,NH ASIAN,236,race,hosp
Massachusetts,469199,87052,5862,8560,NH BLACK,827,race,hosp
Massachusetts,469199,87052,5862,8560,NH WHITE,3194,race,hosp
Massachusetts,469199,87052,5862,8560,"NA",4364,race,hosp
Michigan,438565,52350,5017,NA,NA,NA,race,hosp
Minnesota,NA,17029,748,1471,NA,NA,race,hosp
Mississippi,NA,11704,554,NA,NA,NA,race,hosp
Missouri,158296,11080,616,NA,NA,NA,race,hosp
Montana,NA,471,16,65,NA,NA,race,hosp
Nebraska,72333,10846,128,602,NA,NA,race,hosp
New Hampshire,NA,3160,1231,318,AI/AN,0,race,hosp
New Hampshire,NA,3160,1231,318,ASIAN,10,race,hosp
New Hampshire,NA,3160,1231,318,BLACK,13,race,hosp
New Hampshire,NA,3160,1231,318,MULTI,0,race,hosp
New Hampshire,NA,3160,1231,318,WHITE,220,race,hosp
New Hampshire,NA,3160,1231,318,"NA",8,race,hosp
New Jersey,NA,149013,10586,15416,NA,NA,race,hosp
New Mexico,142246,6192,276,886,NA,NA,race,hosp
North Carolina,265008,19700,691,585,NA,NA,race,hosp
North Dakota,57731,1994,45,135,NA,NA,race,hosp
Ohio,NA,28952,1720,5117,NA,NA,race,hosp
Oklahoma,NA,5489,294,NA,NA,NA,race,hosp
Oregon,99630,3726,140,714,NA,NA,race,hosp
Pennsylvania,349700,63666,4624,1853,NA,NA,race,hosp
Rhode Island,117246,12951,532,1464,NH BLACK,92,race,hosp
Rhode Island,117246,12951,532,1464,NH MULTI,0,race,hosp
Rhode Island,117246,12951,532,1464,NH WHITE,330,race,hosp
Rhode Island,117246,12951,532,1464,"NA",666,race,hosp
South Carolina,135063,9056,NA,1444,NA,NA,race,hosp
Tennessee,346123,18378,305,NA,NA,NA,race,hosp
Texas,744937,49912,1369,NA,NA,NA,race,hosp
Utah,177311,7518,88,619,AI/AN,34,race,hosp
Utah,177311,7518,88,619,ASIAN,12,race,hosp
Utah,177311,7518,88,619,BLACK,21,race,hosp
Utah,177311,7518,88,619,NH WHITE,281,race,hosp
Utah,177311,7518,88,619,"NA",327,race,hosp
Vermont,24591,944,54,NA,NA,NA,race,hosp
Virginia,NA,32145,1041,3904,BLACK,943,race,hosp
Virginia,NA,32145,1041,3904,WHITE,1546,race,hosp
Virginia,NA,32145,1041,3904,"NA",1415,race,hosp
Washington,293120,18811,NA,NA,NA,NA,race,hosp
Wisconsin,161122,12885,467,2110,NA,NA,race,hosp
Alabama,NA,12631,509,1480,NA,NA,sex,hosp
Alaska,36380,399,10,43,FEMALE,17,sex,hosp
Alaska,36380,399,10,43,MALE,26,sex,hosp
Alaska,36380,399,10,43,UNKNOWN/OTHER,0,sex,hosp
Arizona,220612,14566,704,NA,FEMALE,824,sex,hosp
Arizona,220612,14566,704,NA,MALE,922,sex,hosp
Arizona,220612,14566,704,NA,UNKNOWN/OTHER,0,sex,hosp
Arkansas,105807,4923,102,535,NA,NA,sex,hosp
California,NA,81795,3250,NA,NA,NA,sex,hosp
Colorado,NA,20304,1001,NA,NA,NA,sex,hosp
Connecticut,185520,38430,3472,NA,NA,NA,sex,hosp
Delaware,44132,8037,304,NA,NA,NA,sex,hosp
Florida,717162,45684,2052,NA,NA,NA,sex,hosp
Georgia,NA,38855,1675,7076,NA,NA,sex,hosp
Illinois,621684,98030,4379,NA,NA,NA,sex,hosp
Indiana,189330,28705,1678,NA,NA,NA,sex,hosp
Iowa,109275,15447,380,NA,NA,NA,sex,hosp
Kansas,NA,8340,173,740,NA,NA,sex,hosp
Kentucky,153800,8069,366,1527,FEMALE,869,sex,hosp
Kentucky,153800,8069,366,1527,MALE,655,sex,hosp
Kentucky,153800,8069,366,1527,UNKNOWN/OTHER,3,sex,hosp
Louisiana,278073,35038,2458,NA,NA,NA,sex,hosp
Maine,NA,1741,73,225,NA,NA,sex,hosp
Maryland,208658,41546,1963,7199,NA,NA,sex,hosp
Massachusetts,469199,87052,5862,8560,NA,NA,sex,hosp
Michigan,438565,52350,5017,NA,NA,NA,sex,hosp
Minnesota,NA,17029,748,1471,NA,NA,sex,hosp
Mississippi,NA,11704,554,NA,NA,NA,sex,hosp
Missouri,158296,11080,616,NA,NA,NA,sex,hosp
Montana,NA,471,16,65,NA,NA,sex,hosp
Nebraska,72333,10846,128,602,NA,NA,sex,hosp
New Hampshire,NA,3160,1231,318,FEMALE,127,sex,hosp
New Hampshire,NA,3160,1231,318,MALE,191,sex,hosp
New Hampshire,NA,3160,1231,318,UNKNOWN/OTHER,0,sex,hosp
New Jersey,NA,149013,10586,15416,NA,NA,sex,hosp
New Mexico,142246,6192,276,886,NA,NA,sex,hosp
North Carolina,265008,19700,691,585,NA,NA,sex,hosp
North Dakota,57731,1994,45,135,NA,NA,sex,hosp
Ohio,NA,28952,1720,5117,FEMALE,2382,sex,hosp
Ohio,NA,28952,1720,5117,MALE,2726,sex,hosp
Ohio,NA,28952,1720,5117,UNKNOWN/OTHER,9,sex,hosp
Oklahoma,NA,5489,294,NA,NA,NA,sex,hosp
Oregon,99630,3726,140,714,NA,NA,sex,hosp
Pennsylvania,349700,63666,4624,1853,NA,NA,sex,hosp
Rhode Island,117246,12951,532,1464,FEMALE,475,sex,hosp
Rhode Island,117246,12951,532,1464,MALE,607,sex,hosp
Rhode Island,117246,12951,532,1464,PENDING,7,sex,hosp
South Carolina,135063,9056,NA,1444,NA,NA,sex,hosp
Tennessee,346123,18378,305,NA,NA,NA,sex,hosp
Texas,744937,49912,1369,NA,NA,NA,sex,hosp
Utah,177311,7518,88,619,NA,NA,sex,hosp
Vermont,24591,944,54,NA,NA,NA,sex,hosp
Virginia,NA,32145,1041,3904,FEMALE,1773,sex,hosp
Virginia,NA,32145,1041,3904,MALE,2122,sex,hosp
Virginia,NA,32145,1041,3904,UNKNOWN/OTHER,9,sex,hosp
Washington,293120,18811,NA,NA,NA,NA,sex,hosp
Wisconsin,161122,12885,467,2110,NA,NA,sex,hosp
